ep,finger,t,label,conf,jaw,cls,fn_hold_N,fn_near_N,fn_last_N,fn_near_ratio,fn_slope_near_rel,unload_80to20_s,fn_post_N,active_hold,active_last,active_slope_near,copy_travel_near_mm,copx_travel_near_mm,cop_speed_near_mm_s,copy_hold_mm,fs_hold_N,fs_near_N,mu_hold,mu_near,mu_max_near,mu_slope_near,shear_swing_deg,tau_max_near,tau_hold,hf_max_near,hf_hold,partner_fn_near_N,partner_fn_post_N,partner_slope_near_rel,partner_mu_near
0,0,2.707133952,release,medium,39.1,deliberate,0.0044444444444444444,2.9414634146341467,2.941176470588236,661.829268292683,65.47729048554251,0.0,0.0,0.022222222222222223,14.705882352941176,1.4550508996787217,0.31770787878787865,1.1255357575757574,0.16477100662091074,,0.0062853936105470905,2.952428927390088,,1.0038140575393926,1.0101525445522108,-0.002118725929220163,,0.41694909090909116,0.0,56.85363963811069,5.899529240167773,3.6707317073170738,0.0,,0.8795488573269931
0,1,2.73164416,release,medium,39.1,deliberate,0.1695652173913044,3.6951219512195137,3.3562500000000006,21.791744840525332,-1.1183269262081132,0.0,0.0,0.8478260869565217,16.6875,-1.2084138374101778,0.0,0.0,-0.44729538347379916,0.5443132478632476,0.17170010079645087,3.1949263575132743,1.0019694774566819,0.8794588896730454,1.0077822185373186,0.1064236777769087,6.367893168173595,12.118405714285714,0.05655183946488288,44.92059297056897,7.555848144280446,2.951219512195123,0.0,,1.0041545844103932
0,0,10.667516416,release,high,32.3,deliberate,6.193478260869565,4.965853658536585,2.8437500000000004,0.8017875334948507,-1.507624993508255,0.2552732159999991,0.0,7.0,13.8125,26.667127479339875,0.14429782051282047,-3.0760539743589743,1.9226018755163639,0.605587510989727,2.2671568097509267,2.7108134494543705,0.3660779534361033,0.6164657850346701,1.0714144828603167,1.9822510247561531,25.512517047863128,5.873163437500001,0.040100396211359156,49.76191491210275,1.2857032582020793e-14,4.273170731707318,0.2956521739130435,0.23715452567976686,0.5756404507823076
0,1,10.767818752,release,high,32.3,deliberate,4.300000000000002,3.8024390243902446,2.647058823529412,0.8842881452070332,-0.9570500738143947,0.02233215999999949,0.0,5.0,13.235294117647058,27.432138393672712,-4.8700423255813945,-0.1415827906976732,-22.537017512051577,9.205402325581398,1.2806248474865698,2.838599000174978,0.29781973197362077,0.7629784295174593,1.4142135623730951,2.8804535007314613,21.897877763440533,7.934676271186441,0.21162790697674447,112.30481853180925,5.670871826368324e-15,3.770731707317073,0.0,-2.457683395985813,0.766793059217899
1,1,12.640979712,release,high,25.2,deliberate,17.57608695652174,11.21951219512195,4.276470588235294,0.6383395930434258,-2.506713909510079,0.022513919999999743,0.0,20.043478260869566,19.705882352941178,-3.0843668596628775,-3.889887987012986,-4.651014529220779,-3.906643324365275,4.803291117296584,4.556303317287513,3.960576684333365,0.25925130204923613,0.4723726719376589,1.2806248474865698,1.9719304925261536,20.539958631519028,12.527580000000004,2.0330826293449102,128.23159362890726,1.7497062304988729,8.478048780487805,0.0,-2.086208872119546,0.5036386924114943
1,0,12.685516544,release,medium,27.2,deliberate,11.48,7.590243902439024,2.9117647058823533,0.66117107164103,-2.3518021595689476,0.21580774400000102,0.0,7.0,13.529411764705882,25.625733095048354,-0.44473106719367594,-4.484148221343873,1.2182714253040454,0.6301069393895365,3.566822894542853,3.3006501672736377,0.3107005857464991,0.5733535979572283,1.0714144828603167,2.175643459979258,11.994733703046279,6.099711944444444,0.19783880947705038,56.952754161579904,0.3742012581251906,9.582926829268292,0.0,-2.6992883031758566,0.5402127800594548
2,1,9.152626688,release,high,31.3,deliberate,7.188888888888887,6.709756097560976,5.305882352941177,0.9333509254721607,-0.6069529098708799,0.13191091200000038,0.0,31.044444444444444,25.176470588235293,-11.653811290369344,-0.07384016438356156,1.8844876712328766,-0.1942352408840407,4.4162049227923745,6.0829917269202545,5.79973036799861,0.8453520261734054,0.8667398999801618,1.0154137524956988,0.1530883136822522,2.036981719590301,24.0484488,8.44355149449288,127.03244397502463,18.64611700078496,4.987804878048781,0.0,-0.8625745779619763,0.7781340085592584
2,0,9.207847168,release,high,31.3,deliberate,5.386666666666667,4.582926829268293,2.758823529411765,0.8507908717701038,-1.4484261601158293,0.16561612799999992,0.0,19.2,12.941176470588236,-17.812067962424468,-2.081560681818182,1.7507700000000002,-4.97828096215521,2.2001449190941216,3.8821773858895074,3.6293627788012173,0.7199975514654468,0.8384700632118695,1.4142135623730951,1.1100964340022046,15.960873618232768,2.6894346268656717,1.1140017657719121,51.49277987652591,12.923709611680687,6.0878048780487815,0.0,-1.436007897483478,0.8377892873464425
3,1,9.664314624,release,high,29.5,deliberate,6.782222222222222,6.853658536585366,6.581250000000001,1.0105328772815907,-0.055621730459858236,0.05905305599999977,0.0,19.0,29.875,35.02240878280338,0.11084422332780441,2.615384742951907,2.577911678105509,3.6893583421591245,4.643580208688539,5.367180961502617,0.6847961412745899,0.7854729204957797,1.2201245526175264,1.0597400374074863,0.6612703480192863,12.67572146341463,3.6884781470725896,86.26521823991472,6.645528340040355,7.619512195121951,0.0,-0.8161795314413326,0.7830868929681272
3,0,9.682317056,release,high,29.5,deliberate,8.228888888888887,7.380487804878049,5.36875,0.8968996792317372,-1.074829051783799,0.1331046399999991,0.0,28.0,24.3125,-9.875416448750904,-1.5733214741318224,0.47358873139617264,-0.7362752800198876,2.9976341458416225,5.724005128607514,5.722518668952646,0.6956276633281113,0.8146249690653867,1.4142135623730951,1.2340119601044597,14.46729225443812,5.270443571428566,1.0291534224889107,121.15510210423594,0.37620828293915476,6.775609756097562,0.0,-0.1926433883432102,0.8080874215538432
4,0,8.583500288,release,high,32.5,deliberate,6.22888888888889,5.863414634146342,4.476470588235295,0.9413259312757237,-0.7549093096049166,0.08646707199999959,0.0,28.0,21.235294117647058,-16.1702414506409,-2.5083828784119104,0.45789317617866,-2.4234466200442415,3.2194479467485912,5.611334994177804,5.356702316692018,0.9009083989000702,0.9214454562593216,1.0714144828603167,0.2851448927117115,7.201843333027398,6.707019047619049,2.55616989656938,61.78669361476922,0.24774046900754287,7.841463414634145,0.0,-0.5070903147450563,0.80802594200834
4,1,8.597026816,release,high,32.5,deliberate,8.273333333333333,7.734146341463414,6.070588235294117,0.9348283249149977,-0.6469685286445594,0.11250560000000043,0.0,32.31111111111111,27.176470588235293,-9.399472653464784,-2.1595181704260655,0.4370466791979949,-1.132459229171723,4.139694565810084,6.493799935422278,6.220680042978347,0.7850209183974195,0.8140252971185998,1.0340464581257105,0.35100954252401234,4.544019898301201,9.884308333333333,7.388400963311657,48.168967701140595,10.722078138277611,5.756097560975611,0.0,-0.9432731685274329,0.9338524450384953
5,0,10.443208192,release,high,22.6,deliberate,5.537777777777778,5.158536585365855,4.135294117647059,0.9315174411776223,-0.6879590523168191,0.09870617600000031,0.0,21.0,18.352941176470587,-5.633165255335677,-1.5371193939393937,-1.3714890909090909,-1.287585702553059,2.4752804350649353,4.204759208325728,4.12958912040294,0.7593443216767168,0.8131206470732919,1.0540925533894596,0.5268616374583419,4.940493267907897,5.276980727272725,5.22811611125541,88.1449162927328,2.5636019594595693e-14,6.936585365853659,0.0,-0.560820107857666,1.000552999853637
5,1,10.45421184,release,high,22.6,deliberate,7.302222222222224,6.81219512195122,5.425000000000001,0.9328934281430457,-0.750390787324407,0.06613043199999957,0.0,33.0,26.5625,-19.178139292738475,-0.17889187878787816,2.9669400000000006,-0.6494480479639722,4.909999609100424,7.106384640063861,6.818031875276322,0.9730103889461821,1.0070193512688685,1.292060945777445,0.19282071603611964,2.829077767487604,9.894878611111112,4.711032665413361,46.594901079007826,21.909925328431868,5.092682926829269,0.0,-0.8026986337761247,0.8210100595686808
6,1,7.052908288,release,high,26.9,deliberate,4.933333333333333,4.858536585365854,4.682352941176472,0.9848384970336193,-0.09972285321045096,0.6896258560000001,0.06956521739130435,24.666666666666668,23.41176470588235,-2.4598303791911236,0.0,0.0,0.6375051399777862,3.876217798473748,5.142382856514519,5.025403871211982,1.0434065373099757,1.037859107266778,1.2806248474865698,-0.2507435250958246,2.82043213018477,19.146147500000005,11.342572365347987,68.22167325229631,33.82713424573036,2.7219512195121958,0.21739130434782608,0.025406102740304123,1.378707343911496
6,0,7.140182016,release,high,26.9,deliberate,2.795555555555556,2.700000000000001,2.51764705882353,0.9658187599364072,-0.120757027275853,0.04304972799999973,0.0,13.533333333333333,12.588235294117647,-0.23876949741250084,-0.1889074074074073,0.08251481481481449,0.006542342393090205,2.375064489647928,3.827804708823179,3.739042686859598,1.3690416287271103,1.3850068342837152,1.4142135623730951,0.1501494116777649,0.0,0.24290413793103216,0.2042525692170749,42.086034730106995,13.174558502332868,4.151219512195122,0.0,-1.2672152459434802,1.0339469526151395
7,1,7.66811648,release,high,27.1,deliberate,2.702222222222223,2.517073170731708,2.4750000000000005,0.9314826700898587,-0.2446658328837728,0.2779092480000003,0.0,13.511111111111111,12.375,-3.3057072531851945,-0.4012366666666665,-1.692243333333333,-0.32370148590522935,0.32284833333333324,3.449206241205798,3.2850765214245294,1.2797270065512498,1.312320220244572,1.4142135623730951,0.04738291706963978,1.7755223080342546,8.122768,3.9526031407407407,36.48804515639613,19.456391858302023,2.7560975609756104,0.3130434782608696,0.06070200773424419,1.4016993206714667
7,0,7.775981312,release,high,27.1,deliberate,2.7866666666666666,2.51219512195122,1.8941176470588237,0.9015054265375192,-0.9235311824017598,0.7257758719999998,0.0,13.933333333333334,9.470588235294118,-12.867867808131178,-1.7797267857142853,0.38472142857142977,-4.142135957068038,1.8828661375661366,3.9145029655630954,3.530395849875842,1.4047711237124056,1.4062190756177002,1.4142135623730951,0.0954056451035394,0.41417914340934203,4.7539885714285735,0.23648142857142934,43.33456491897228,14.821185464535183,2.078048780487805,0.0,-1.695310295961917,1.319596949710172
8,1,7.238676224,release,high,27.2,deliberate,4.951111111111113,4.9439024390243915,4.476470588235295,0.9985440294259315,-0.26543251923655853,0.0543441919999994,0.0,23.244444444444444,21.529411764705884,-4.458369913071143,-0.4090470588235302,1.324992156862745,-0.4110655749147414,3.287989688680303,5.24476680165328,5.278722128233451,1.0589348578070152,1.0696274679577737,1.2588785034725116,0.06912843461896444,1.8947353672823226,8.18500705882353,7.144436702829183,72.75761094140015,16.741336742288237,3.2731707317073173,0.0,-0.23774246842889726,1.0120945498315044
8,0,7.271817472,release,high,27.2,deliberate,3.3288888888888897,3.229268292682927,2.7764705882352945,0.9700739196978083,-0.5560711709170717,0.7923069440000008,0.0,16.644444444444446,13.882352941176471,-9.255495711486375,-1.0997892156862745,2.388246078431372,-2.380538976524571,1.1153375120304534,3.3481987645710416,3.2773703173487228,1.0066804814922212,1.018737036649846,1.1180339887498947,0.18758761972171448,11.864889696622356,3.2584611764705897,2.986623365653956,54.52532123043967,7.072940902325339,4.804878048780489,0.0,-0.5513572547193036,1.087506734835302
9,1,6.87884672,release,high,18.8,deliberate,4.160000000000001,3.800000000000001,3.6235294117647068,0.9134615384615385,-0.17879603317871465,0.7924951040000003,0.0,20.8,18.11764705882353,-3.7189574901172735,0.0,0.0,-1.0993254075305756,2.2871617,3.459683141363698,3.381292262183141,0.8736460624032227,0.9375435307757383,1.1792476415070754,0.21823439290073482,7.929197117979186,24.9163696,9.48438558888889,37.82626233054812,21.59237817541652,2.590243902439025,0.0,0.18747114402935983,1.3246430508780527
9,0,6.922113024,release,high,18.8,deliberate,2.555555555555556,2.6243902439024396,2.6000000000000005,1.0269353128313894,0.16147797955177207,0.7909327359999994,0.0,12.777777777777779,13.0,2.0633297387170826,0.0,0.0,1.1122215095429093,0.11870727716727715,3.3409249129467016,3.4702008845452545,1.309392271683054,1.3228840521238088,1.4142135623730951,0.04086590142406703,5.314694699566928,5.8305169230769245,2.919990866910868,42.31523749661356,16.285776534670823,3.497560975609756,0.0,-0.30651557159117787,1.0120721458759196
10,1,8.351624704,release,high,12.6,deliberate,5.013333333333334,4.902439024390245,4.376470588235295,0.9778801245459264,-0.17352694979914385,0.033174272000000116,0.0,25.066666666666666,21.88235294117647,-4.349742208298534,0.09930365217391302,0.7461373913043481,-0.1334126389462869,3.4559347599873362,5.627182281714662,5.533327178306856,1.122309592922182,1.1283783366248545,1.2806248474865696,-0.1516935721303755,1.3671794314693955,8.536546153846157,6.0548742249066185,68.64032624987604,16.057175250135128,3.8658536585365852,0.0,-0.10278445820737096,1.130505272149704
10,0,8.397904128,release,high,12.7,deliberate,3.904444444444446,3.7195121951219527,3.0000000000000004,0.9526354512264531,-0.5397272270143678,0.07945369599999985,0.0,19.022222222222222,14.875,-9.413096873538857,-1.9733692307692308,1.3154965811965815,-1.3818415958930927,1.952603157529012,4.392704930575131,4.234035249903777,1.1250915606978136,1.1433482413376241,1.3170777796132696,0.19107842419966153,3.2539610459141386,4.437485128205129,4.4045982825377,31.31304312759676,1.0009121742448428,4.634146341463415,0.0,-0.7815609854531534,1.1391155413630467
11,1,6.92060288,release,high,24.5,deliberate,2.471111111111112,2.4634146341463423,2.4000000000000004,0.9968854184944728,0.0625735990478562,0.020779775999999472,0.0,12.355555555555556,12.0,0.7731315793468452,0.0,0.0,0.10414865115732796,0.19038570207570207,2.4947311318493575,2.4893536453484986,1.0097274825007607,1.0106360775857663,1.019803902718557,-0.0007881902827162573,0.22627835472053448,0.7464879999999987,0.5336539698819701,25.497989502379014,4.649623568024161,2.2,0.0,-0.5260773064765127,1.2405842643847511
11,0,6.954380288,release,high,24.5,deliberate,2.2177777777777785,2.2000000000000006,2.0941176470588236,0.9919839679358717,-0.3493469827615711,0.03377740800000062,0.0,11.088888888888889,10.470588235294118,-3.8738698755116436,0.0,0.0,-0.12129879094895873,0.20602263888888891,2.718577388114314,2.711144241860937,1.2339401725742825,1.2405842643847511,1.4142135623730951,0.35749981817866683,3.5263333033180686,1.552245714285712,0.614861833333333,32.010554318189214,9.509791317005392,2.439024390243903,0.0,-0.11467618321693787,1.0124370356324883
12,1,9.203516672,release,high,30.0,deliberate,6.382608695652171,6.34,6.0625,0.9933242506811993,-0.09775105517966833,0.02718873599999938,0.0,31.91304347826087,30.3125,-3.1195336739946296,0.0,0.0,-0.32474961516519496,4.454270326086957,7.42377517206716,7.0604257453137595,1.1632202228922497,1.1140074556238464,1.2612772544131605,0.09078744152948155,0.49299349459613495,4.484148750000002,1.487801411231885,124.87498556094042,20.885632418052705,3.8000000000000007,0.16363636363636366,-1.4111905175252332e-16,1.0237589920577816
12,0,9.286090496,release,high,30.4,deliberate,3.8444444444444463,3.7707317073170743,3.4823529411764715,0.9808261666431691,-0.09313934189424383,0.04379852799999995,0.0,19.133333333333333,17.41176470588235,-1.790345127522692,-0.5558993808049533,0.35228637770897797,-0.49762587390851354,1.7942173478996628,3.898666891165223,3.8609620596282195,1.0142607869854987,1.0237581436230387,1.0340464581257105,-0.009493548832829933,1.7581130967523677,5.153176842105263,4.540440267403552,46.35918261426165,4.335427633267812,5.546341463414635,0.0,-1.4862065516015894,1.1355044965842815
13,1,7.195611904,release,high,13.6,deliberate,1.56,1.5463414634146342,1.2352941176470589,0.9912445278298937,-0.7027485283293946,0.0,0.0,7.8,6.176470588235294,-5.48143852096927,-3.0142723076923073,0.4212153846153859,-1.9371120967916151,2.4382241988353526,2.1167672976699703,2.110519003243027,1.3658412822774963,1.3545489396741557,1.4142135623730951,-0.005416147164665256,0.2881955426724403,1.8210430769230763,0.5580083623931624,169.58813905369897,46.023373925860064,2.15609756097561,0.034782608695652174,0.014401359023910326,1.0125504999545392
13,0,7.261165312,release,high,13.6,deliberate,2.2266666666666675,2.1463414634146343,2.0941176470588236,0.9639258069227395,0.04889893203830534,0.10909414399999928,0.0,11.133333333333333,10.470588235294118,0.5444081100264698,-0.39604747474747465,-1.6351242424242427,-0.3469917410293762,0.3337326530259863,2.2593815160114517,2.169139568284579,1.0140458952971076,1.0126797349123686,1.228903609577518,0.04652869578354133,9.68809676780728,2.1902981818181813,1.608867940257273,39.46249533351941,9.036955342268893,1.229268292682927,0.0,-0.7828779079346802,1.3464950085735934
14,1,7.214148096,release,high,35.3,deliberate,5.682222222222222,5.553658536585367,4.788235294117648,0.9773744002594505,-0.3414460051565651,0.04305228800000016,0.0,26.91111111111111,23.058823529411764,-7.943483126813568,-2.3084394062078264,-2.5579541160593786,-0.9929070547689816,3.5667799612668816,6.597502995662174,6.536911104368217,1.161216568028413,1.1789160262591654,1.4142135623730951,-0.08941495191285155,0.2170048410451102,13.82144608695652,7.644773592642635,66.9732079321927,21.207320612402377,2.1634146341463416,0.0,-0.12339869648563924,1.308196074326965
14,0,7.23669504,release,high,35.3,deliberate,2.2,2.1439024390243904,1.9823529411764707,0.9745011086474501,-0.21565771086075577,0.055075839999999765,0.0,10.0,9.529411764705882,-0.6352074001560002,-0.08824431818181822,1.146831818181819,-0.20103377869164316,0.24798181818181825,2.8284271247461894,2.814629919259623,1.2856486930664501,1.3144675313663134,1.4142135623730951,0.21823184148105856,0.0,0.3553127272727268,0.3553127272727268,32.93620047768857,1.9402479619447488e-14,5.402439024390246,0.0,-0.6011154136364443,1.1893516015566923
15,1,7.756694528,release,high,34.5,deliberate,8.659999999999998,8.309756097560975,7.0588235294117645,0.9595561313580804,-0.3979140556281789,0.08772710399999983,0.0,35.53333333333333,31.764705882352942,-4.685126770043209,-0.7080111657303387,0.5038412921348314,-0.620059820976344,5.154536637141077,5.911489091560365,5.853274784713258,0.6832427846174,0.7119789701296092,1.0140612962242472,0.46207640278946294,5.045032576065779,11.58968913580247,4.462508831647582,90.8053486417819,38.67505474160824,3.5951219512195123,0.7391304347826086,0.6209873801751434,0.6304048022945697
15,0,7.976232192,release,medium,32.6,deliberate,3.248888888888889,3.0780487804878054,1.4705882352941178,0.947415835307464,-1.9656726358163747,0.1654039040000006,0.0,6.688888888888889,7.352941176470588,-0.028352013198255234,1.359591176470588,3.3038411764705886,2.050448349815962,0.6063088235294115,1.8919034767746739,2.625936110571343,0.5823232315653925,0.8759590490421643,1.3287682265918312,1.4829159637061526,73.7150775281166,3.037739999999998,0.43844711111111095,41.89615113352635,18.97760457783706,4.409756097560975,0.0,-3.151342430790283,0.8330538318272268
16,1,2.815539712,drop,low,,loss,0.0,0.7121951219512195,2.2,,,0.0,0.0,0.0,11.0,36.03398390962509,2.348420535714286,-2.7114151785714293,22.62018172747083,,0.0,0.8105991878728547,,1.1605930803597446,1.25,-1.57243592625915,,2.280751578947368,0.0,45.577681424611214,0.0,0.0,0.0,,
16,1,8.372594432,release,high,27.2,deliberate,6.520000000000002,6.307317073170732,5.411764705882354,0.9673799191979647,-0.29850172719406126,0.06558975999999994,0.0,31.77777777777778,26.823529411764707,-7.9204556529932315,-0.3787222222222235,2.5122047619047616,0.31117118733143334,4.490113133459902,6.004248403465845,6.000803145725925,0.9210432237755177,0.9581573678458309,1.2571789316613415,0.4111378324168805,9.231367744459675,10.443529846153844,8.224314202003697,69.54230263718651,13.639305180855784,5.043902439024391,0.24347826086956523,-0.3766112664602078,0.9757886052001401
16,0,8.472244736,release,high,30.7,deliberate,5.235555555555555,4.4073170731707325,2.6411764705882357,0.8418050436871094,-1.4813378836562143,0.16525567999999957,0.0,25.0,13.176470588235293,-35.68763897209095,-2.909745512820512,3.448936965811966,-6.442709846219373,2.86965399854862,5.03587132480567,4.378010809162047,0.9619399426273691,1.0140514473934026,1.2668615834434866,0.47835789267280004,15.266674931120747,2.7285523809523813,1.9876289488792138,38.56658418452855,0.05333359313265582,5.104878048780488,0.0,-2.123911085350276,1.0187937817726123
17,1,8.616594688,release,high,33.3,deliberate,6.653333333333332,6.382926829268293,5.4411764705882355,0.959357739869984,-0.2263578084860886,0.06631270399999956,0.0,29.08888888888889,24.88235294117647,-3.6915278642581804,-1.2368541055718492,-0.3437982404692086,-0.5313962624456631,3.9894844876477817,5.426629231009498,5.38830217353774,0.8119222981738309,0.8461938903153143,1.1180339887498947,0.3653383840998402,1.1829767309012027,14.15833888888889,9.446520440455911,68.57910457257456,45.50636096653296,4.478048780487805,0.0,-0.2486052868073616,0.9471209875170769
17,0,8.660252672,release,high,33.3,deliberate,4.573333333333332,4.258536585365855,3.294117647058824,0.931166891843846,-0.7277219653253545,0.10997068800000065,0.0,20.488888888888887,15.882352941176471,-10.908609466572598,-2.2674365248226946,-0.35352375886524845,-2.6369250151621295,2.239142680557242,4.24519479376973,4.056868585086832,0.9283732147685451,0.960110048566151,1.0943175335329005,0.3059574859652065,4.893906307822363,3.8053866666666663,2.47396259199872,38.5573415091838,2.917463510445621,6.082926829268294,0.0,-0.8873322933547537,0.8922407144723774
18,1,6.85544704,release,high,25.5,deliberate,6.379999999999998,5.785365853658536,4.9411764705882355,0.9067971557458524,-0.2668229063104814,0.09893887999999951,0.0,29.444444444444443,23.41176470588235,-4.944455073249775,-0.8605345755693588,2.2387004140786746,0.12044302499046898,4.547633596058983,6.0448696128362425,6.1150129442407275,0.9559673847420116,1.065455221094676,1.286595817724409,0.2086450631152091,5.366919318685291,10.143611785714286,4.821054278728622,73.22908567313729,23.033714492725075,4.348780487804879,0.0,-0.47682983064967865,0.9649227607551871
18,0,6.909538048,release,high,25.5,deliberate,4.591111111111112,4.021951219512196,2.7647058823529416,0.8760300332916203,-1.1647397687192105,0.13130700800000028,0.0,18.933333333333334,12.705882352941176,-17.474936613736926,-1.873734239130435,1.7430891304347833,-3.8496957341487055,2.021336287725371,4.34063080468834,3.966160555641205,0.9454363851931588,1.0238191942151142,1.4142135623730951,0.8834949198898625,5.688979943503398,5.6626134782608695,5.268651004929604,44.18589081030617,12.62856213254819,5.246341463414635,0.0,-1.1805842644317535,1.095766981974327
19,1,3.667449088,drop,low,-42.0,loss,0.0,0.931707317073171,1.2941176470588238,,,0.0,0.0,0.0,6.470588235294118,16.396049895024554,-0.46984333333333694,-1.16826,1.235234861897651,,0.0,1.0964429402040257,,1.1946957978753199,1.4142135623730951,0.28256029766478274,,3.3470649999999997,0.0,62.44136289401231,0.0,0.0,1.4173913043478266,,
19,1,6.183197184,release,high,38.5,deliberate,5.486666666666668,5.365853658536586,4.611764705882353,0.9779806182022937,-0.2955058779975857,0.06596044800000023,0.0,25.488888888888887,21.941176470588236,-5.5042874300782545,-1.2580639285714303,0.00021357142857025835,-1.2898967233697862,3.8352324090594587,4.578061649658093,4.427860241531483,0.8348234002659466,0.8298020280343026,1.004987562112089,0.40919764126940494,6.206597234215593,14.03411896551724,11.393160207682879,56.39665701405474,16.54731151259191,4.409756097560977,0.0,-0.06746653327694964,1.0614903152398578
19,0,6.205912832,release,high,38.5,deliberate,4.131111111111112,4.385365853658538,3.711764705882354,1.0615463335913617,-0.30357740182082366,0.04511462399999999,0.0,20.155555555555555,18.352941176470587,-5.326716612717856,-0.03077315233785849,0.5565782805429857,-0.5137178975947855,2.093743761896103,4.511489538167373,4.642496006219315,1.0961671161506779,1.0646714848618966,1.191085690077446,0.17243130658103253,0.35514880925623515,4.437485128205129,3.557970398496698,46.34330772171648,9.378327986255055,5.239024390243903,0.0,-0.5363037376413136,0.8426018198594404
20,1,6.093376256,release,high,28.1,deliberate,3.693333333333334,3.6439024390243904,3.2117647058823535,0.9866161838513691,-0.17797308317819452,0.07617740800000039,0.0,18.466666666666665,16.058823529411764,-3.286569602690669,0.0,0.0,-0.31989615053284354,5.239375069725594,4.302946120573426,4.25383189100617,1.1648534828072898,1.1665056293163756,1.211669940339088,0.01772295030459358,0.00616427112086626,1.6010315789473668,0.9162141921727363,74.31600771057485,15.798869209918664,3.2146341463414645,0.28695652173913044,-0.1721728825767842,1.050438595778101
20,0,6.1821888,release,high,28.1,deliberate,3.155555555555557,3.136585365853659,2.729411764705883,0.9939883201648916,-0.5425121952018936,0.0445954559999997,0.0,15.777777777777779,13.647058823529411,-8.559636857629874,-1.51548987854251,0.9418696356275301,-2.025119101402367,1.022569331662489,3.286799447109604,3.2958585430749268,1.0363679565019304,1.0449651129768045,1.1065155811383494,-0.13394594615144492,5.432662617573953,3.7153726315789477,1.8864553851294905,57.79063250239215,35.960503345399744,3.0682926829268298,0.0,-1.8499116616836417,1.1557779611536463
21,1,4.45591808,drop,low,0.0,loss,0.68,3.9560975609756093,3.4588235294117644,5.817790530846484,-3.65202183602961,0.0,0.0,3.4,17.294117647058822,-12.41687424250067,0.8902385294117643,2.7342829411764713,2.1617859571730063,14.557101309107555,0.7177199339628201,4.030250893490382,1.10182397932319,1.0226487792045904,1.1792476415070756,0.14808254371844856,26.150258188204305,12.32496666666667,0.46231620465337153,52.495210044096225,12.623498444457926,0.0,0.0,,
21,0,12.730677504,release,high,37.0,deliberate,2.977777777777778,2.717073170731708,2.2823529411764705,0.9124499453949765,-1.0215903943167248,0.24208896000000024,0.0,14.88888888888889,11.411764705882353,-15.210345870937898,-1.5244908496732013,0.6236732026143792,-2.17182462347667,1.7275719136403087,3.778105711743535,3.5649368879860464,1.2850706870160946,1.3271903341042481,1.4142135623730951,0.25682321843418204,0.5298389523168225,4.256877333333335,1.6896750915835343,32.051819026683525,23.295518828219215,2.6243902439024396,0.36363636363636365,-1.1736164116104162,0.6649639149554537
21,1,12.851609856,release,medium,37.0,deliberate,2.502222222222223,2.5170731707317078,1.9882352941176473,1.0059351037560107,-1.4908001301990679,0.8030018560000016,0.0,12.511111111111111,9.941176470588236,-18.651566073379442,-2.6316842857142855,-9.462220714285714,-12.154699955855673,7.632894659383753,1.7100748068450347,1.8188711601148488,0.7094687282284063,0.7637949253298618,1.3017082793177757,1.8152933907516913,136.09947261351897,18.568406000000003,10.351673801397212,41.5528457700543,41.80447770297089,1.990243902439025,0.0,-1.8873817295703272,1.3213217578051883
22,1,3.095062016,drop,low,,loss,0.0,0.8926829268292685,2.894117647058824,,,0.0,0.43478260869565216,0.0,14.470588235294118,45.98480427850455,2.007192063492063,-2.119985714285715,9.70377370497841,,0.0,0.9064543848994284,,1.0187435630196566,1.0680004681646915,-0.5516863256062454,,2.7477936842105253,0.0,75.23498747247194,0.0,0.0,0.0,,
22,0,8.911488256,finger_unload,high,38.4,unload,1.4177777777777778,1.5317073170731708,1.1529411764705884,1.080357825521829,-1.348068029356858,0.043452159999999296,0.05217391304347826,7.088888888888889,5.764705882352941,-9.556304474774175,0.3894936507936507,3.4301031746031754,0.4102528397518791,0.14450113636363635,1.6037331434678856,1.6502246769359117,1.160795715491744,1.126297740675793,1.4142135623730951,0.48007652311679466,7.377821740670129,1.0856836363636364,0.2503545954785955,55.46910329381328,35.24440497247528,1.975609756097561,1.8956521739130432,-0.44218789004358927,1.3999539486951718
22,1,9.912403456,release,medium,28.0,deliberate,1.6044444444444448,0.3902439024390244,0.388235294117647,0.2432268089993919,-1.244781942231814,0.021484032000000042,0.0782608695652174,8.022222222222222,1.9411764705882353,-9.985917358792994,1.9148857142857143,-7.245014285714285,10.14800015132136,2.1377434867981018,1.9848373646428668,0.4839921729227881,1.2463108530467828,1.1751272078317962,1.25,-0.20597303761439265,69.45234451405169,2.725399999999999,2.161210811021078,76.28994238315106,35.23813840962802,0.07317073170731707,0.0,,1.4142135623730951
23,0,11.87156096,release,high,38.8,deliberate,1.5644444444444452,1.5463414634146342,1.4823529411764707,0.9884284922394674,-0.9502719942811297,0.0,0.008695652173913044,7.822222222222222,7.411764705882353,-7.433238710821285,0.0,0.0,-3.6987551292055985,1.4393211807928907,1.9654884555436318,1.9773638697043603,1.2474658102335443,1.2720059067618918,1.4142135623730951,-0.028857758399013545,0.5128829213623476,0.7718733333333346,0.5109974112554118,91.66496972395545,46.12829465364556,3.409756097560976,0.8260869565217391,-0.6895624990073531,1.0377480021181753
23,1,12.014460928,release,medium,34.3,deliberate,3.31111111111111,3.082926829268293,2.6823529411764713,0.9310852840072029,-0.9129500464746398,0.7919098879999993,0.10434782608695654,16.555555555555557,13.411764705882353,-15.114395213857913,-2.143066666666666,0.10526363636363589,-3.2322141567244347,1.965348948257081,3.3966969764431503,3.199144989174918,1.0274753558275647,1.0410126121870504,1.292060945777445,0.030670043325420445,7.670584023567471,2.5290000000000017,1.0972756002178647,42.339100966246626,33.99226445192339,1.0829268292682928,0.0,-1.8705380537236345,1.262292843340917
24,0,11.507914496,release,high,33.8,deliberate,1.7466666666666666,1.1853658536585368,1.2352941176470589,0.6786445727052691,0.21147149059567738,0.0,0.0,8.733333333333333,6.176470588235294,1.8468510178689157,-0.5794910714285715,-0.2871732142857133,-0.9167175072867427,0.913984862514029,2.140889537983924,1.6255778567867238,1.2440639975635706,1.3718521846813403,1.4142135623730951,-0.13595003401360944,9.802414617486534,2.68654,1.339675627128427,76.70576679053256,11.624873892057035,3.863414634146342,0.10434782608695652,-0.7279928333345019,1.1424576446962753
24,1,11.56783232,release,high,31.8,deliberate,3.973333333333334,3.6926829268292685,2.9875000000000003,0.9293665084301849,-0.9516311759482615,0.25789568000000074,0.0608695652173913,19.866666666666667,14.9375,-18.905739362172138,-0.4199387681159412,-3.0313855072463767,-1.5174292197013404,2.595624840789099,4.459342147627823,4.2640139900927005,1.125891005515403,1.170563713754462,1.4142135623730951,0.7054391470310938,13.525385136705893,8.470579999999998,1.7798351681412312,55.10805428810733,9.665871547417547,1.1414634146341465,0.0,0.44649802152392476,1.3705685065694693
25,1,11.681496832,finger_unload,high,0.0,unload,3.2666666666666666,3.2097560975609762,3.011764705882354,0.9825783972125438,-0.1556921498456585,0.5942522879999999,0.017391304347826087,16.333333333333332,15.058823529411764,-2.5429717808124153,-0.1124566666666662,-0.23032249999999987,-1.3622956142624953,3.219139643220366,2.0991955777172673,2.3481468156916647,0.6301787762625826,0.7313736399329734,1.3170777796132696,0.5771303809430489,7.969489019786948,22.477285000000002,16.96881620758295,55.23935175092825,44.243597394223485,3.2975609756097564,3.0347826086956533,-0.42007349772618624,1.3639152236453493
25,0,14.137057536,release,high,39.2,deliberate,3.1911111111111117,3.0097560975609756,2.1875,0.9431686935253752,-1.2161191938326397,0.15663078400000074,0.0,15.955555555555556,10.9375,-19.403857359374108,-1.277523611111111,-3.4108888888888886,-3.8168587156578315,1.1118306913580247,4.2671458090241385,4.056075476989635,1.336796362996496,1.353973000513773,1.4142135623730951,0.19011008414006805,4.554470741176118,6.640218666666668,2.6630636592592603,43.76250454566364,24.146156433861734,0.0,0.39130434782608703,,
26,0,9.055746048,release,high,18.3,deliberate,2.7600000000000002,1.6195121951219513,1.4000000000000001,0.5867797808412867,-0.6652475418635354,0.6250782719999997,0.0,13.8,7.0,-9.18041607771679,-0.8465785714285712,-0.9479557142857136,-2.475463027823949,2.676261356256172,2.299821516648377,2.0304146061581863,0.8750191644468293,1.2397037438574483,1.4142135623730951,-0.6936491570013953,3.8430838277814416,1.6596400000000004,12.30313752036245,25.166311501272858,11.324762503740594,1.9951219512195122,0.0,-0.623271699744061,1.0349175186935795
26,1,9.055746048,release,high,18.3,deliberate,5.475555555555555,1.9951219512195122,1.3764705882352943,0.3643688628444726,-0.623271699744061,0.49526784000000035,0.0,27.377777777777776,6.882352941176471,-17.063794090770724,-0.19184444444444482,-1.0167399999999995,0.37089086007558975,4.258122899487195,3.3834283513873933,2.0610234490838253,0.643227749533188,1.0349175186935795,1.228903609577518,0.07718899601600573,20.26793535786277,8.32864,6.5059934795210985,46.33258234276417,27.96994948631387,1.6195121951219513,0.0,-0.6652475418635354,1.2397037438574483
27,1,11.035845888,release,high,25.8,deliberate,2.248888888888889,2.1902439024390246,2.51764705882353,0.9739226838908704,0.8005486334310833,0.0,0.0,11.244444444444444,12.588235294117647,9.001724633691735,-0.9280538461538459,0.07132307692307727,-3.2698605109989374,2.5796612361183784,3.1200894180297456,3.005864936300607,1.3900681404444246,1.3725775205012156,1.4142135623730951,0.13159393274350512,0.21545064975484252,3.8111626666666667,0.41540663247863296,113.6236250462174,53.59263202087266,1.975609756097561,0.017391304347826087,-0.11552383764999402,1.1200242991727403
27,0,11.0476608,release,high,25.8,deliberate,2.048888888888889,1.9658536585365853,1.8823529411764706,0.9594730437542986,-0.043203257130350545,0.7597066239999997,0.008695652173913044,10.244444444444444,9.411764705882353,-0.4425933674909244,0.0,0.0,0.24535392857388294,0.1366055270161937,2.1820787924367178,2.1660178407913984,1.0735830085932119,1.1215667188404768,1.4142135623730951,0.04068376776972579,2.511018775056584,1.090582222222223,0.44714889696969706,23.12055039264537,9.103785941593294,2.185365853658537,0.0,0.8894777538048592,1.3753953790145708
28,0,12.442349056,release,high,30.5,deliberate,2.866666666666667,2.4195121951219516,2.2705882352941176,0.8440158820192853,0.1615488093829202,0.46121753600000126,0.0,14.333333333333334,11.352941176470589,2.3155329344885183,-0.6666869047619046,1.6397892857142864,-0.16982766608305594,1.2202759558404552,3.080587474470346,2.4808823365714523,1.070664758598345,1.0305558093951623,1.4142135623730951,0.14461011584400918,21.20606770951275,3.8278611764705897,0.8394231559829066,30.34285541420602,25.049328855679565,4.073170731707317,0.32173913043478264,-1.8549710190486877,0.38812529094334536
29,0,9.846579456,release,high,27.9,deliberate,2.8400000000000007,2.424390243902439,1.8588235294117648,0.8536585365853656,-1.0611825819721514,0.28341043200000016,0.0,14.2,9.294117647058824,-15.068792664004553,1.0176777777777777,4.272555555555555,1.1251033815285745,0.7679216717541716,3.2759395230034296,3.0776987156246878,1.15019971144679,1.2888374026248104,1.4142135623730951,0.928329007136279,15.210874866668036,3.312290666666666,0.857255118274318,44.05217039723897,18.44065717227878,4.536585365853659,0.09565217391304348,-0.9768454823618145,0.568044675970168
29,1,9.912625408,release,high,27.8,deliberate,5.231111111111111,4.082926829268294,2.8470588235294123,0.7805085272602941,-1.2134766221768114,0.24944383999999964,0.0,26.155555555555555,14.235294117647058,-31.739155206713477,-0.23716333333333228,-2.36212358974359,-6.564601001125055,4.097811113503959,2.604368035249441,2.3302830366464207,0.4970475230938799,0.6292343447909217,1.093282338734761,1.8999352527629647,37.852441496726954,28.478958260869568,30.855274299959017,53.9239130952229,17.256414676988918,2.2000000000000006,0.0,-1.6753382828353232,1.3350365594975158
30,1,9.955927296,release,high,40.1,deliberate,3.333333333333335,2.6731707317073177,2.7411764705882358,0.801951219512195,-0.24434176694608298,0.7878361600000012,0.0,16.666666666666668,13.705882352941176,-4.072362782434713,-0.7335013888888904,0.5113062499999987,-3.2362877555440877,4.040564659408407,3.4304504551846553,2.923457598622228,1.047613468146537,1.0911113441349904,1.4142135623730951,1.0279378031927873,0.43017420987814603,13.37624947368421,6.6650370669459615,72.35269312883838,55.5658210609061,2.2878048780487807,0.008695652173913044,-0.6048690694638004,1.1161229827679313
30,0,10.002292992,release,high,38.3,deliberate,2.186666666666667,2.2439024390243905,2.070588235294118,1.0261748958953003,-0.5820966992692467,0.013528319999998928,0.0,10.933333333333334,10.352941176470589,-6.364257245343759,0.08352878787878788,-0.5667075757575755,0.050200138760124316,0.3919926890701891,2.4868680713923936,2.5252772244596806,1.1555287241223078,1.1351372378503637,1.2806248474865698,0.47000727525536506,1.7004445224161486,2.165,1.0961623019943023,22.374676175121923,12.279484924789937,2.687804878048781,0.0,-0.176975868473062,1.130676552583113
31,1,5.030293504,drop,low,8.5,loss,3.033333333333333,6.66829268292683,5.05625,2.1983382471187354,-1.9948658749663057,0.0,0.0,15.155555555555555,24.875,-25.194689563271513,2.607448095238089,0.36346333333333336,6.060774226824692,13.695722469882538,3.073396191965965,6.411931381052474,1.0326748718576158,0.9650758368590651,1.027953959282043,0.09609187499014518,7.637158188773753,7.670433521126762,1.661455351513303,40.541167990901485,45.06066077567003,0.0,0.0,,
31,1,7.139332864,drop,low,15.1,loss,0.07111111111111111,4.792682926829269,4.594117647058825,67.39710365853661,41.97528707277517,0.0,0.0,0.35555555555555557,22.529411764705884,14.29971401295518,2.447032163742689,-1.7742058479532172,4.99397660040767,5.0813,0.0853043791410575,4.88097244318793,1.1995928316711213,1.0236604433291705,1.130047923872836,-0.005978189423749557,46.34477611972409,5.1231821052631545,0.004601333333333332,66.03097498551448,6.394584425339519,0.0,0.0,,
31,0,12.35517568,release,high,37.4,deliberate,2.0044444444444447,2.0,2.0,0.9977827050997782,1.7064648838598932e-16,0.0,0.0,10.022222222222222,10.0,-3.632081999127861e-15,0.0,0.0,-5.296996124083206e-16,1.1578464646464646,2.8221417311356425,2.7224319067689566,1.4084995681816883,1.3612159533844783,1.4142135623730951,-0.31741741985261895,6.54629078329404,0.7644800000000007,0.14744662626262636,40.411472126256214,1.0142214614741725,3.8731707317073165,0.0,0.6045953340763899,0.6999685142031095
31,1,12.387827712,release,high,37.4,deliberate,3.8311111111111105,3.9317073170731707,3.7882352941176474,1.0262577103729276,0.4596588327374333,0.5833105920000001,0.0,19.155555555555555,18.941176470588236,8.805020307103726,1.0854702380952386,0.14065952380952407,4.218292084530926,4.396116808313052,2.717554350819272,2.6502784421256305,0.724513394889346,0.7010256336223097,1.093282338734761,-0.5719834445010233,8.322692484328968,32.584507200000004,13.62578077976923,48.69305535028718,27.64671500387465,2.0,0.0,1.832193223586741e-16,1.3612159533844783
32,1,6.501423872,drop,low,5.2,loss,4.866666666666666,4.326829268292684,3.1058823529411765,0.8890745071834283,-1.0280517327670622,0.16466457599999984,0.0,24.333333333333332,15.529411764705882,-25.015925497331825,1.4666890109890094,-0.4904736263736269,-1.2715648452302448,12.343260989377285,4.971862265492368,4.44374021619036,1.0237414270735101,1.0272884067067634,1.1075907952012387,-0.08429417701575148,3.8744378908035344,15.441675200000002,5.791306601294264,36.94647316806108,12.655457445414994,0.0,0.0,,
32,1,12.685794304,release,high,50.7,deliberate,4.204444444444444,3.8780487804878048,3.1882352941176477,0.9223688959933997,-0.6934097448263294,0.054655999999999594,0.0,21.022222222222222,15.941176470588236,-14.577013746793526,-2.113338858695651,0.5734380434782609,-5.3180807491423225,6.287667679701779,2.9683757955426597,3.2563264661696136,0.7078176611444246,0.8563084670310049,1.3287682265918312,1.291069095037703,24.009910347403576,3.8971533333333293,2.0525488309379494,55.81708991366816,10.599455306344053,2.66829268292683,0.026086956521739136,-0.67916735571691,1.0454617335534113
32,0,12.7190848,release,high,50.4,deliberate,2.7511111111111113,2.643902439024391,2.3529411764705888,0.9610307734741323,-0.7487880459627329,0.16531609599999975,0.0,13.755555555555556,11.764705882352942,-10.299995565576245,-0.8428208333333331,-0.26378750000000006,-2.659651798321064,1.2047002295482294,2.893920707019359,2.761539110962603,1.0517798683226056,1.041108546675401,1.1792476415070754,-0.20701788904064453,21.213703623975732,2.103887999999999,1.4408112742368757,30.17929460653658,10.91372220011059,3.7073170731707323,0.0,-0.9220652179942764,0.9023858492137155
33,0,4.511587072,drop,low,,loss,0.0,0.4146341463414634,1.4235294117647062,,,0.0,2.9565217391304355,0.0,7.117647058823529,22.41977526325265,2.011432307692308,-0.3135923076923075,28.49562834474865,,0.0,0.44329326364567784,,1.0511646997320783,1.118033988749895,0.9166004632430604,,5.410627692307692,0.0,27.811842187725826,0.0,0.0,3.5130434782608693,,
33,1,8.10971136,finger_unload,high,25.8,unload,4.831111111111112,4.78048780487805,4.729411764705883,0.989521394753966,-0.052800440634379386,0.0,0.0,24.155555555555555,23.647058823529413,-1.2754239771015716,0.0,0.0,0.106639199081882,4.173542462617898,4.7087357408560955,4.648893701426196,0.9765136184268218,0.9724380096773031,1.0441636738451392,-0.19439440875059186,9.606885803480168,7.857661666666666,4.6848788247435005,117.74640102628356,16.6005605030824,3.746341463414635,3.582608695652175,-0.014827170090945389,1.0776216310217062
33,0,9.122309888,release,high,46.9,deliberate,3.564444444444445,2.3951219512195125,1.4823529411764707,0.6719481783346511,-1.4551635194316666,0.7372200959999997,0.0,17.822222222222223,7.411764705882353,-25.93424761298215,-1.001168571428571,2.9358809523809533,-2.9442857270683316,1.9202252354376592,3.8047263021511792,2.8188347566315892,1.0700533138956236,1.228450785622453,1.4142135623730951,1.2693885613480251,26.715208248726555,7.196631999999999,1.9957392562286256,35.96700237495752,42.17666704262043,0.12682926829268293,0.20000000000000007,,1.414213562373095
34,0,7.4735168,release,high,43.6,deliberate,1.617777777777777,1.6634146341463416,1.752941176470588,1.0282095952827666,0.2732629673142374,0.0,0.0,8.088888888888889,8.764705882352942,2.2103937800529447,1.2008069444444442,0.15240555555555435,0.9873906587305449,0.20348472222222228,2.28788327423914,2.3524235354596366,1.4142135623730947,1.414213562373095,1.4142135623730951,-1.2529042765882944e-15,0.0,9.992007221626409e-16,7.475501699142721e-16,59.47252839404558,3.826906721782621,3.1463414634146347,0.2,-0.5529548158741043,1.3139153257726393
34,1,7.5509056,release,high,43.6,deliberate,3.306666666666668,2.980487804878049,2.5529411764705885,0.9013571990558613,-0.8802895784064472,0.7153384960000002,0.0,16.533333333333335,12.764705882352942,-14.55412102965326,0.4953859649122805,3.9014649122807015,-2.3870281407721725,1.2178992543100173,4.555642917077955,3.9481624090067564,1.37404856441875,1.325672894914169,1.4142135623730951,0.027847290913384566,1.1159980111824552,2.117391428571428,0.32299867089947154,52.77486960773652,52.269270073882105,1.5658536585365859,0.0,-0.6697066071718406,1.4103358787170528
35,1,4.54152576,drop,low,-49.0,loss,0.6488888888888888,3.604878048780488,3.3764705882352946,5.555462746408287,-1.2663397625202677,0.0,0.0,3.2444444444444445,16.88235294117647,-4.108569007287981,0.0,0.0,0.6629214253342788,15.671430247800872,0.6731681737319053,3.740326716319805,1.037707698347904,1.037059450430452,1.0657082490166623,0.01703777381117267,1.0903038512749958,4.386322105263157,0.8753454646542829,81.20210135924508,31.07809091731956,0.0,0.0,,
35,0,6.379724032,drop,low,0.0,loss,0.5955555555555556,0.38048780487804884,0.2235294117647059,0.63887877684747,-0.1715262513490262,0.5392855040000004,0.26086956521739135,2.977777777777778,1.1176470588235294,-0.510767059572656,0.0,0.0,-2.103013470859571,0.6272862351190476,0.8296719565922157,0.5380910139761045,1.4142135623730954,1.4142135623730951,1.4142135623730951,-4.479510894313701e-16,0.0,9.992007221626409e-16,2.0107372557100057e-16,60.62694555799331,24.278966252215824,2.1951219512195124,1.6782608695652175,-0.3013043449367824,1.414213562373095
35,1,9.076509696,release,medium,37.0,deliberate,2.2711111111111113,1.7853658536585366,1.0941176470588236,0.7861199942723497,-1.365184444274533,0.6533854719999983,0.06956521739130435,11.355555555555556,5.470588235294118,-15.5024278005397,-1.5953785714285713,-2.7114785714285716,-2.7275963826340237,0.7127823321123319,3.176913664279054,2.459062730434695,1.4007818428690535,1.3758275187896998,1.4142135623730951,-0.3338353510876406,6.3572308574372585,2.117391428571428,0.18553982905982958,86.55551308735478,39.97520704892483,0.4487804878048781,0.0,,1.4142135623730954
36,0,8.453119744,release,high,34.2,deliberate,1.5555555555555558,1.5609756097560976,1.552941176470588,1.0034843205574913,0.04487874834301142,0.0,0.0,7.777777777777778,7.764705882352941,0.3490569315567552,0.13773392857142855,-0.47693571428571424,-0.04807698247840052,0.1903450396825397,2.1941225651600633,2.2075528778506857,1.410095563422082,1.414213562373095,1.4142135623730951,7.357212187517293e-17,0.16417083871704108,8.326672684688674e-16,0.010722920634921388,28.014920091515748,9.858635068991543,2.380487804878049,0.20869565217391312,0.04473970996389877,1.0162896778570019
36,1,8.706084608,release,medium,34.2,deliberate,2.3377777777777786,1.478048780487805,0.16470588235294123,0.6322452007790038,-3.074059762211301,0.010250495999999387,0.10434782608695654,11.688888888888888,0.8235294117647058,-35.93234299829209,-0.3197452380952379,-2.455697619047619,-1.3540026282332855,0.4519461188811189,2.383457120990794,1.5298015950282782,1.019815787550146,1.0242397362716178,1.4142135623730951,0.31537735330396016,54.073282770493705,1.4231999999999991,0.7975173146853145,41.97951902641091,5.722962791989496,0.8341463414634147,0.0,-3.4027354495632003,1.4142135623730951
37,0,10.764938496,release,high,46.5,deliberate,1.6799999999999995,1.6585365853658536,1.6117647058823528,0.9872241579558655,-0.09056746998482411,0.0,0.045454545454545456,8.4,8.058823529411764,-0.7607667478725199,0.0,0.0,-0.37441610975763423,0.35707957977207977,2.369854829476027,2.345524932716353,1.4118966564843363,1.414213562373095,1.4142135623730951,-9.196456890439794e-17,0.15197783856388014,7.771561172376096e-16,0.047092991452992235,24.525031350041417,14.837691945116344,4.151219512195123,0.2636363636363637,-1.4941936411534842,0.9981581148810741
37,1,10.831754496,release,high,43.6,deliberate,5.471111111111112,3.678048780487805,2.470588235294118,0.672267242574944,-1.4495858699491244,0.574138112,0.15454545454545457,27.355555555555554,12.352941176470589,-39.65422679794162,-3.660154545454545,-1.1710233766233764,-9.119652105655751,3.7081187768031194,5.51145354424647,3.637954185050163,1.0058751088762314,0.9988369413025056,1.0714144828603167,0.2259037819212368,3.810462623428009,8.385877142857142,2.693425689223057,54.5107007248263,29.25707628113636,1.5707317073170732,0.045454545454545456,-0.8814106101545156,1.4142135623730951
38,0,6.370258176,release,high,30.1,deliberate,2.0,1.9024390243902438,1.6823529411764706,0.9512195121951219,-0.48612644086138973,0.25683148800000044,0.0,10.0,8.411764705882353,-4.8612644086138985,-0.8465785714285712,-0.9479557142857136,-2.0026020328084386,1.1440499999999998,2.8284271247461894,2.6841274129557955,1.4142135623730947,1.4096938074268615,1.4142135623730951,-0.05616101998101535,0.40348473505875404,0.4825314285714278,1.1102230246251565e-16,20.87037207697356,1.8717674533587274e-14,3.956097560975611,0.2869565217391305,-0.2222191770563228,1.3356232790929867
38,1,6.444643328,release,high,30.1,deliberate,4.1466666666666665,3.7804878048780504,3.2823529411764714,0.911693200533292,-0.4368899874762457,0.35270041599999935,0.1478260869565218,20.733333333333334,16.41176470588235,-9.058185740340821,-0.352702857142857,1.9516866666666657,-1.7109816074378543,2.088557142857143,5.532801959600443,4.991829409991193,1.3352143672211634,1.3203678388682003,1.4142135623730951,-0.3593491065148936,4.740768708231627,7.95755619047619,0.8555356758563075,83.56393798156013,12.425329264700544,1.697560975609756,0.0,-1.4591977023133471,1.4093369846679482
39,0,5.633815296,release,medium,22.8,deliberate,1.7622222222222221,0.926829268292683,0.8,0.5259434687663397,-0.3321172204340801,0.7916316160000001,0.0,8.755555555555556,4.0,-2.9263217311580636,-0.5934999999999999,0.1975100000000003,-1.73677194744231,4.3130542750721705,1.8409910954521609,0.997615483156627,1.0743588179063164,1.0740148296458651,1.1661903789690602,-0.12007334262264292,70.6066609883091,1.76856,2.619522217791076,13.388212360120365,17.109009035314372,3.4146341463414647,1.0608695652173914,-0.16336783154876688,1.3490520943024429
39,1,5.78839552,release,high,22.8,deliberate,3.631111111111112,3.1463414634146347,2.7411764705882358,0.8664955070603337,-0.27187799663636714,0.6234926080000003,0.0782608695652174,18.155555555555555,13.705882352941176,-4.936096072264714,1.1785494117647057,-1.8221239215686271,-0.7085400313645709,1.5164101219715957,4.917784189576374,4.179262558745061,1.3569183230153343,1.3291913109109783,1.4142135623730951,-0.4485786915709754,6.458875670077305,15.441216842105263,2.6601445565023685,68.76834834990767,43.747579778426285,0.7317073170731706,0.0,-1.890451054890687,1.061046891390946
40,0,5.70815872,finger_unload,medium,0.7,unload,0.3377777777777778,0.2878048780487805,0.25882352941176473,0.8520539152759949,-2.134636689610878,0.0,0.12173913043478264,1.6888888888888889,1.2941176470588236,-3.6051641868983713,0.0,0.0,-1.8498182015528133,1.5311558041958042,0.3936850703504618,0.3278501686158136,1.098002850513605,1.1185549604961476,1.4142135623730951,0.5465295668675105,10.949909872548687,1.1196800000000002,0.16742288484848492,63.15511395244122,34.532692449133094,2.4926829268292687,3.026086956521739,0.059703745612485246,1.1947842552728911
40,1,6.906574336,release,high,36.2,deliberate,2.955555555555556,2.7268292682926836,1.8705882352941179,0.9226114065651935,-0.8561183361857833,0.14269312000000056,0.06956521739130435,14.777777777777779,9.352941176470589,-12.651526523634345,-1.9152476190476186,-0.6917285714285706,-1.6879555588945723,1.0985027489469592,3.833497476292501,3.7922780862704615,1.2889859363967444,1.3922277505743073,1.4142135623730951,-0.04661612529716251,3.8641654196789545,5.065302857142857,1.2253166552885715,77.40875363085333,42.57811489156371,0.21951219512195122,0.0,-2.859191244050292,1.4142135623730951
41,0,6.020698112,release,high,51.2,deliberate,4.053333333333334,3.9951219512195126,3.047058823529412,0.9856386392811297,-0.7817535257717847,0.11977804799999969,0.0,20.266666666666666,15.235294117647058,-15.843538122308182,-3.744639855072464,2.672991304347826,-4.348299394998233,3.8510138420124376,5.066343086792828,4.643787782422771,1.2503141701866152,1.1582183869943188,1.286595817724409,-0.12928225554386547,21.557812783244117,5.7924533333333335,3.0490999836628614,37.79143655608797,17.26135474770709,3.292682926829269,0.3391304347826088,-0.6209830815855719,1.0062542590300856
41,1,6.119540992,release,high,51.2,deliberate,3.5066666666666677,3.1170731707317074,2.45,0.888899193174441,-0.859993443790485,0.218620928,0.10434782608695654,17.533333333333335,12.25,-15.07855171445984,-0.641138461538462,-0.4362220512820507,-3.611070236803776,1.9612525218844212,3.543590864639022,3.161859651180642,1.0096607917150198,1.0168304885326112,1.1013708510212579,0.13245796076544958,9.428563374912756,10.295425217391307,4.3584159898296475,43.74256999194076,18.09996605034479,3.2341463414634144,0.0,-2.455529992464492,1.1793953040786753
42,0,8.099072256,release,high,3.9,deliberate,1.9733333333333332,1.8390243902439025,1.7058823529411764,0.9319380355965723,-0.54718387134157,0.12105395199999958,0.0,9.866666666666667,8.529411764705882,-5.398880863903496,0.0,0.0,-2.168428552743002,1.0784291666666665,2.790714763082907,2.6007732342178382,1.4142135623730947,1.414213562373095,1.4142135623730951,5.917536467937885e-17,0.0,8.326672684688674e-16,1.554312234475219e-16,45.16954273622159,6.991362994660452,2.7512195121951226,0.21818181818181823,0.22084576925211646,1.356417440779086
42,1,8.154281984,release,high,3.6,deliberate,2.68,2.6731707317073177,2.2,0.9974517655624319,-0.5399291127947713,0.5502062080000005,0.1826086956521739,13.4,11.0,-7.235050111449929,0.034761428571428776,3.284471428571429,-1.223525074252361,0.3827110892616154,3.580745187597877,3.6109904888458746,1.3390657137153075,1.356417440779086,1.4142135623730951,0.17384897097225427,3.140150230405851,8.169888421052633,0.853331711843712,39.73900234275074,26.449728390440487,1.7658536585365852,0.0,-0.7494306044820817,1.4142135623730951
43,0,8.836561152,release,high,26.5,deliberate,2.1755555555555555,0.0,0.27647058823529413,0.0,0.0,0.0,0.0,0.6222222222222222,0.5294117647058824,0.0,,,,0.6398680560700891,0.6380277968593325,0.0,0.29326990417873017,,,,16.976036814249,0.0,0.08830450055364147,66.73220210620633,31.189475233909402,14.904878048780485,0.0,-0.44906932337062905,0.31951565077383165
43,1,8.858131456,release,high,26.5,deliberate,15.028888888888888,14.39512195121951,11.123529411764705,0.9578300869508768,-0.8005652853718623,0.782217983999999,0.0,8.911111111111111,11.411764705882353,-2.4449670780182506,1.081288223270442,0.9808196698113205,0.7888266132283165,6.374413289416195,4.681754528728813,4.62624695143981,0.31138082188093485,0.3260835983905604,0.49497474683058323,0.12729038073952662,3.8689108071167766,1.1160813913043528,0.5767645045641923,88.1830472700416,14.70936152592501,0.0,0.0,0.0,
44,1,8.627008512,release,high,18.9,deliberate,2.531111111111111,2.6195121951219513,3.1176470588235294,1.034925801409024,0.9937742264569114,0.08089983999999895,0.0,1.0,10.411764705882353,30.000815372686155,-0.811485,7.308372500000001,-1.2952934139248438,1.9369999999999996,0.7211102550927977,1.1049871605876274,0.28499263414949544,0.3763690951434795,0.8514693182963202,0.9320284883954504,31.29080973272775,1.4912003773584908,1.3816108750890837e-16,128.71173576077413,4.495592402284118e-15,11.131707317073172,2.569565217391305,-1.786339149506393,0.37466847073362086
44,0,8.88,release,medium,18.2,deliberate,13.797777777777775,5.421951219512195,3.3000000000000007,0.39295829421492806,-1.415639301137685,0.4288744960000006,0.0,5.977777777777778,14.941176470588236,23.382466921257794,0.2311605499999999,-3.6589968000000015,0.6732203576723561,0.46716857479484847,4.158657884095038,3.134321095189513,0.30139545058089473,0.7037631851500943,0.9882117688026187,1.8140728903031056,7.010874146265962,5.705737735849057,0.178925184554763,51.96654557295204,4.186501687293818,1.5853658536585367,0.0,-3.0150089857060305,0.5615496132316696
45,0,7.318781952,drop,low,-15.5,loss,1.6511111111111108,2.5121951219512204,2.4000000000000004,1.521517906969111,-0.39605834396098827,0.0,0.10434782608695654,8.044444444444444,12.0,-3.2696816618112643,0.07067820512820513,-0.6679705128205128,0.231095231197427,0.09092142939732224,1.6470512748065942,2.5650620710519103,0.996967391684934,1.0207992723387171,1.0262818510866412,-0.04083209860291425,1.4818974910419342,0.3392733333333333,0.215645902689903,39.20849023713845,12.713261608147226,23.582926829268292,1.8956521739130436,-0.18798047763384954,0.3014790526954063
45,1,7.565880576,drop,low,-14.7,loss,22.191304347826087,13.957500000000001,2.5375,0.628962578369906,-3.1363193152465185,0.03298892799999997,0.0,7.0,12.6875,18.17439456206143,6.720894915254235,-5.016908050847458,20.73991918678948,0.5819717459840913,6.659705160890108,4.886689008763687,0.3001970136505108,0.5584543747064588,1.1035296904831233,2.176218500820352,164.2400610416816,12.83103294117647,1.2621318552041079,81.41591115167368,12.643128563723621,1.3450000000000002,0.06956521739130435,-2.932746808395736,1.046843745209477
46,1,8.682199808,release,high,16.4,deliberate,36.39555555555555,19.678048780487806,13.352941176470589,0.5406717518145997,-1.29265235288056,0.38461158399999995,0.0,11.0,11.647058823529411,1.3437322147425415e-15,-0.06330360360360388,-0.12587538307538093,-0.10006881766475201,2.2102548731650664,9.582227482837169,4.177871266463817,0.26326796793914825,0.20685105789531916,0.2595252384733159,-0.06588793691275768,30.961134239596674,3.533676301886794,1.766527967990013,56.19988903300515,3.3323712443498197,14.609756097560975,0.0,-0.6374067165935244,0.3003086224815137
46,0,8.7037504,release,high,15.8,deliberate,18.115555555555556,13.687804878048778,10.07058823529412,0.7555829483711911,-0.9719603474751277,0.3406589440000012,0.0,5.333333333333333,6.9411764705882355,-0.497550276210377,0.08340459976105119,-1.3308563321385911,-0.12105317274587969,0.6634845552674934,5.409477994794823,4.105675352020953,0.2986080515640742,0.3004196873790364,0.3358387779934678,0.008325901613747187,8.557087782316955,0.6577432352941202,0.15836501999752547,104.86883086413818,9.048701064985568,18.378048780487806,0.0,-1.2087563966315273,0.2109868775922136
47,1,4.574685184,drop,low,17.1,loss,0.9444444444444446,7.831707317073171,9.682352941176472,8.292395982783356,17.243939991746952,0.0,0.0,2.9555555555555557,14.411764705882353,-27.085294162938837,1.7567933434959349,-0.9179270325203257,-4.245654255317216,1.5798116941178133,0.5400963987877644,2.798638379119514,0.641094472266771,0.4060958793440116,0.7523808896574579,-1.226193586084509,62.94268994197611,38.42862989473685,0.7275177913722745,121.07453995768074,12.20281490848452,4.048780487804877,0.826086956521739,12.499775218849418,0.7702001819998836
47,0,14.609819648,release,high,27.8,deliberate,7.582222222222219,7.326829268292682,5.805882352941176,0.9663168730163272,-0.6515658338478331,0.09957248000000085,0.0,9.11111111111111,9.411764705882353,-3.936496366170673,0.15989547209547206,-0.7729294840294841,0.460954495154412,0.3752135787935519,2.394227816005575,2.3944319475237146,0.31638768616303137,0.33790703740662437,0.7644397634449164,0.32104510294878086,26.311194710096174,2.660787901234567,0.943737156938885,57.7391716562185,2.888073726749633,0.021951219512195124,0.0,0.13310303896071368,0.3142696805273545
47,1,14.609819648,release,high,27.8,deliberate,2.1222222222222222,0.021951219512195124,0.45294117647058824,0.010343506576427021,0.13310303896071368,0.0,0.0,0.9333333333333333,1.0588235294117647,0.3138602523641519,,,,0.5770625845125786,0.6400537983402302,0.006898602743283392,0.30159276070180546,0.3142696805273545,0.3142696805273545,,44.377244312793664,0.0,0.0527724262665965,78.73675914631954,23.020068860929598,7.326829268292682,0.0,-0.6515658338478331,0.33790703740662437
48,1,12.183033856,release,high,2.8,loss,9.848888888888885,10.919512195121952,9.847058823529412,1.1087049837104874,-0.39654626514501484,0.06608921599999995,0.0,6.333333333333333,11.235294117647058,4.499753596012174e-16,-0.045665890688256994,0.005879757085018866,0.12071576835283022,9.16759105739499,2.344356063996239,3.01692310350939,0.23678189843684183,0.2787294536417899,0.40885176202825585,0.07414641132395619,12.446569092007394,1.455367368421053,1.3605871551942672,103.45268473012392,4.1321074895359065,16.434146341463418,0.0,-0.40191508215593114,0.2951497082727238
48,0,12.204642304,release,high,2.8,loss,17.762222222222217,15.939024390243903,12.694117647058823,0.8973553078455847,-0.6760909894229795,0.11020262399999936,0.0,8.644444444444444,11.117647058823529,5.416706297734778e-16,0.02664403319037678,0.011139082603019546,0.25462185060687453,4.188022292446898,5.220690663863507,4.713382521355405,0.2938994652487922,0.2971187672114357,0.36065612540319186,0.024232836148718052,0.08674843631376916,2.046919333333335,1.4759716635135822,57.816857918777245,15.95682791792552,10.731707317073171,0.0,-0.5758790524569717,0.3033721685008154
49,1,4.610843392,drop,low,-6.9,loss,0.0,7.153658536585367,17.129411764705885,,,0.0,0.0,0.0,11.529411764705882,34.15066358700677,0.6001157842157832,-0.11488551448551476,2.3865808207505053,,0.0,1.5487117580765242,,0.22732031666415697,0.5300865358950273,-0.016449744696659958,,3.4052605857740597,0.0,86.58953670776133,0.0,2.819512195121951,0.0,,0.4941362557446092
49,0,4.632326656,drop,low,-6.9,loss,0.0,2.819512195121951,6.5,,,0.0,0.0,0.0,3.5294117647058822,6.816507980250101,0.6033034448818898,1.2967326771653536,-0.12969944544232762,,0.0,0.9594514228566956,,0.4941362557446092,1.4142135623730951,-7.091062559223579,,0.5383836923076921,0.0,136.64690865266647,0.0,7.448780487804878,0.0,,0.2528977683967577
49,0,13.369554688,release,high,9.6,deliberate,5.811111111111113,6.214634146341464,6.441176470588235,1.0694399104602899,0.46761745522094794,0.011518463999999895,0.0,26.822222222222223,28.0,5.482715091299981,1.1518430349576292,-0.7010643802966103,3.3468637683876583,4.399507171826086,5.1119420465224295,5.730046701254727,0.8798085616232748,0.9192240324753842,1.0166797830403824,0.24530882721319247,55.27898895430215,14.677998181818182,1.8218725996097773,77.42171381385097,5.040704672116299,6.434146341463415,0.0,1.0178546926880676,0.2969933211407468
49,1,13.413143296,release,high,9.6,deliberate,5.6177777777777775,6.475609756097563,6.4941176470588236,1.1526995214572402,0.4339832600444989,0.06611455999999905,0.0,10.71111111111111,13.352941176470589,8.331446659374384,0.9721369187675073,-0.8596687114845949,1.0297653574307255,9.421565645336639,2.1317386867094834,2.0266838004201766,0.3626093455612476,0.3170066341468378,0.7985957062499249,0.23124481467228,106.05281557900094,6.516650714285713,1.7083037629294917,106.57736252074885,31.959596859706963,6.173170731707317,0.0,0.21158868124508085,0.9069363445306101
50,1,12.182201856,finger_unload,medium,7.7,unload,22.637777777777778,2.0097560975609756,2.8588235294117648,0.08877885971359958,-0.1976575968878786,0.24640153600000048,0.0,15.844444444444445,13.941176470588236,-22.32633967555926,-2.692023299319727,-1.6933353741496597,-6.589464708466786,2.7366896857319434,5.995308127982071,1.6160275468560859,0.30645517804934086,0.7959205687467789,0.9255446810248915,-0.2677652802510115,101.0681174510392,21.771435774647887,4.253799529998762,75.38779610198307,28.971219151517086,3.34390243902439,2.8130434782608704,0.011929363887307105,0.947068097852075
50,0,13.1284352,release,medium,13.4,deliberate,2.9400000000000004,2.9024390243902443,2.7470588235294118,0.9872241579558653,-0.1606630444682384,0.04360883200000032,0.0,11.377777777777778,11.0,-4.3362907867779055e-15,-0.4569749999999999,-0.39005500000000026,-0.3444428213883608,1.4319330407218616,3.116116738629954,3.111269837220809,1.0650228630983785,1.0747089792894464,1.2963624321753373,0.19458493306861682,1.9669607602358496,0.2994400000000016,0.11960203281115975,44.72838287266024,0.13619756385234255,0.0,0.0,0.0,
51,0,7.621266688,release,high,12.0,deliberate,4.724444444444445,2.834146341463415,2.8000000000000007,0.5998898653144574,-0.06797170466924095,0.7924904960000001,0.0,12.11111111111111,14.0,-1.049074581927134e-15,0.0,0.0,-0.1482274324428195,0.28744536219399586,2.8452368754443946,2.912043955712208,0.7775581435273414,1.028119808225438,1.0400156984686455,0.1118740572548322,1.379087909521843,1.0115586206896543,0.6854503714038447,37.60233535224336,9.214109389470195,12.643902439024389,0.5043478260869566,0.15509902989706398,0.27872304234711986
51,1,7.70943872,release,high,13.4,deliberate,8.32,12.26341463414634,10.241176470588234,1.473968105065666,-0.7109854800151202,0.0,0.0,7.7555555555555555,10.235294117647058,-1.0243184736455975e-15,0.04024455433455443,-0.20712604395604384,0.006620648988155566,1.2193800452958583,2.330265138045754,3.4248717046579635,0.30456285817783557,0.2797349848235266,0.31378581622109447,0.033389354557033554,1.3173430606977945,1.2659998437499997,1.1703277331190325,73.66068790263637,88.20534980617593,2.534146341463415,0.0,-0.9907817732694432,1.0371725365716202
52,0,9.53256576,release,high,4.2,deliberate,12.156521739130438,11.358536585365854,8.51875,0.9343574444328132,-0.75064110588788,0.1000325120000003,0.0,7.0,8.5,-1.7877644478054506e-15,0.019829417122040116,-0.38081703096539243,0.07744337160664576,0.5478829756778569,3.712142238654116,3.5325362829709936,0.30536728476054703,0.31764009907203683,0.5499719409228704,0.14467099646470147,0.06864756269101235,0.5033519148936172,0.0572344173642057,45.1783186262727,2.8376372638067437e-14,0.1634146341463415,0.0,,0.3778802657066317
52,1,9.541050624,release,high,4.2,deliberate,0.0,0.397560975609756,2.394117647058824,,,0.0,0.0,0.0,10.058823529411764,16.246069946393906,,,,,0.0,0.06175116537157154,,0.18894013285331587,0.3778802657066317,,,9.363480000000006,0.0,225.44047518211903,0.0,11.165853658536587,0.0,-0.9113580993061521,0.32892828113865935
53,0,10.8518016,release,high,9.0,deliberate,8.88,4.470731707317073,4.152941176470588,0.5034607778510217,-0.1618349292931113,0.7488875519999993,0.0,7.7555555555555555,14.941176470588236,2.7197928549731144e-16,-0.06965472560975616,-0.3288291666666674,-0.11414539402922896,0.6959980541301783,3.2146929307193632,3.16227766016838,0.42347441573209277,0.7093481825422985,0.7712872341874099,0.2228565542149512,10.24429298671987,5.249993750000001,1.1514788315464701,42.7665551270984,14.60146409981842,7.624390243902438,0.565217391304348,0.6240292469071242,0.29755247732410167
53,1,10.962093056,release,medium,9.0,deliberate,7.739999999999999,6.66829268292683,3.5352941176470587,0.8615365223419678,-2.0007780605729804,0.0,0.0,6.222222222222222,12.764705882352942,-29.525384537760964,-0.05616179487179496,1.491877948717949,-1.5349075673325243,0.9488139833302227,2.632596790153979,1.7299031045334208,0.3566166121903867,0.33496594515475603,1.0262818510866412,1.110972779611077,12.575171808894254,20.121090925925927,0.5298121784802793,92.5636761476114,65.4286899769168,3.607317073170732,0.0,-1.2946241894279704,0.7566876512618346
54,1,2.441936128,drop,low,,loss,0.0,0.1902439024390244,1.3294117647058825,,,0.0,0.06956521739130435,0.0,6.647058823529412,11.842953483522066,,,,,0.0,0.2083471248669548,,1.103227935564673,1.143958904554111,,,1.1658444444444414,0.0,67.17686761646647,0.0,0.0,0.0,,
54,0,3.410667008,drop,low,,loss,0.0,0.0,0.3647058823529412,,,0.0,0.0,0.0,1.8235294117647058,0.0,,,,,0.0,0.0,,,,,,0.0,0.0,47.430403434088156,0.0,0.0,0.0,0.0,
54,1,8.285650688,release,high,7.1,deliberate,18.25777777777778,17.77560975609756,14.01764705882353,0.9735910893675634,-0.6769994491150746,0.06589132800000108,0.0,9.666666666666666,11.470588235294118,-8.329970016577262,-0.47310032368502974,-0.09715414877062134,-1.3988783409454073,1.2397461311673592,4.899469387717745,4.450148462310811,0.2693753222419198,0.25367951103077896,0.32304776982931716,0.2653512958164904,1.2433203448943573,3.082323617021275,0.40166314507694134,47.191961749795205,10.206805522166835,1.2121951219512193,0.0,0.14475223424626887,0.432956813560608
54,0,8.298159616,release,high,7.1,deliberate,1.1844444444444446,1.2024390243902436,1.4812500000000002,1.0151924220930761,-0.24147160891234837,0.6613995519999998,0.0,1.6888888888888889,4.0625,-0.21043121878613566,-2.220446049250313e-16,8.881784197001252e-16,0.10575252354068981,0.8108480227920226,0.47768991440157876,0.5173952057462544,0.4035545025848695,0.43367920845410113,0.7071067811865476,0.11460469307965718,28.705952543401082,0.031563076923076805,0.0019171646723647993,68.2895236420717,2.967650555897211,17.456097560975607,0.0,-0.8631324764383613,0.2587721577355848
55,0,7.483031552,release,high,12.4,deliberate,22.6,17.26829268292683,11.100000000000001,0.7640837470321606,-1.237165947335947,0.06655820800000001,0.0,6.066666666666666,8.058823529411764,0.2367088956443776,0.13086306532663328,-5.081208272845711,0.05579566490474985,0.49266471518950034,6.827807525130262,5.207217086327741,0.30207778801677,0.30622449800146123,0.5237828008789241,0.12403799302198505,1.3334560937490494,1.3985552736318416,0.6907570373534616,102.9025280461923,12.30999160738219,33.38048780487806,0.7999999999999999,-1.5819002886980267,0.3207362159000799
55,1,7.648356096,release,medium,12.4,deliberate,39.90666666666666,19.482926829268294,1.475,0.4882123328416713,-3.0276044183681527,0.076549376,0.0,10.0,7.25,-6.800812893533984,1.9101673417721523,-10.180772658227848,4.4443965241388925,5.758703270776338,12.002529728043138,6.331369764856976,0.30076994841307425,0.5277948999017517,1.4142135623730951,1.8727665280528816,141.2244427158568,8.325109666666666,1.0402904000789266,81.17117087903625,1.3815332492268095,10.353658536585366,0.0,-2.9028919349465685,0.38948514660870176
56,0,6.371625728,drop,low,,loss,0.0,0.6634146341463415,2.4000000000000004,,,0.0,0.0,0.0,12.0,33.39079954768239,8.715197619047617,-4.20634761904762,54.174983426643934,,0.0,0.6957434922160215,,1.2267280288939213,1.4142135623730951,-6.496264977288566,,38.78817714285715,0.0,86.33432102315732,0.0,4.263414634146342,3.634782608695652,-0.7890602338727711,1.0591821180319387
56,1,6.801410048,release,medium,23.1,deliberate,4.443478260869566,3.492682926829268,2.6588235294117646,0.786024533435158,-0.7369090393381315,0.5730626560000003,0.0,22.217391304347824,13.294117647058824,-16.372196482686324,12.247879999999999,4.08317,16.021013712537055,11.126526414132206,4.54526693845799,3.9029749657717088,1.0503332986396006,1.139131695273837,1.4142135623730951,0.8030482677904581,3.3026143479797554,25.965412727272728,10.34183696378643,96.95258225737479,53.25675626133796,0.7414634146341464,0.0,-19.99648493580986,0.8539682146415057
56,1,13.116887296,release,high,5.6,deliberate,39.54444444444444,36.146341463414636,26.670588235294115,0.9140687641773863,-0.832399652472391,0.054761216000001056,0.0,12.333333333333334,14.588235294117647,0.9069373476133938,0.2883816643714344,-0.011322489179618311,0.2974672948556283,0.6931998825806571,10.21203135702625,9.385269687587543,0.258241502040822,0.2606053965851255,0.30558170350135977,0.021014265727783095,2.2393403971574912,2.952215532467528,2.1059279252706156,78.43624073983857,2.749522284928389,12.078048780487807,0.0,-0.49534771475651507,0.312568211963556
56,0,13.171672064,release,high,5.6,deliberate,12.660000000000005,10.963414634146341,7.158823529411765,0.8659885177050819,-1.3797040752283105,0.14299801599999995,0.0,7.0,10.529411764705882,8.772335512049334,-0.03598979200875754,-4.910751587301586,0.6215302055663697,0.259199680039995,3.891015291668743,3.607029449770166,0.30735178906819716,0.36991593652159105,0.9753196981883415,0.7161522497809244,1.9669373355191055,2.8244257142857148,0.23775252993375606,50.76321918849823,2.240991508879308e-14,32.114634146341466,0.0,-1.7920641263545167,0.2623165181907675
57,1,9.463631104,release,high,9.3,deliberate,29.131111111111114,7.553658536585366,6.482352941176471,0.259298675830606,-0.14999523390060768,0.5277294080000008,0.0,11.777777777777779,11.235294117647058,-2.217062493341471,2.288555748663101,0.8530800802139042,0.8008623133956823,2.077673906802926,4.867299035801962,2.2412955721804115,0.17217522504555444,0.30174946725485224,0.4991341984846218,0.1550474299206083,61.610032044458535,1.1448651612903242,5.082741936447732,153.98954077340426,8.726298565748213,0.597560975609756,0.0,-0.2831767900785176,0.34229458127283663
57,0,9.50796032,release,high,9.2,deliberate,13.324444444444442,0.33902439024390246,1.2823529411764707,0.025443791796156794,0.2985130561262329,0.07759001599999849,0.0,5.044444444444444,3.9411764705882355,9.210908752907702,,,,0.6840398744127602,3.986910813487109,0.20610905598243529,0.30003852804349807,0.6444403652999328,0.8678055195451839,,13.627997893825693,0.5523669565217393,0.540995469133198,83.71656663266896,12.99761399018429,7.134146341463413,0.0,-0.24905023503739274,0.3547390197013486
58,1,6.97307392,release,high,8.0,deliberate,0.2,0.22926829268292678,1.7764705882352942,1.1463414634146338,13.168555513482529,0.0,0.0,0.06666666666666667,3.411764705882353,1.427581170538655,-2.220446049250313e-16,8.881784197001252e-16,-1.5666716753104031e-15,1.937,0.06289320754704403,0.06841641453334175,0.31446603773522014,0.29987000300382716,0.3125,0.4248064598093515,16.20286925414797,2.220446049250313e-16,0.0,51.34398580019576,7.536784956085024,17.10487804878049,0.0,-0.4914186809906068,0.3046952748657177
58,0,7.006902528,release,high,8.0,deliberate,17.817777777777774,16.314634146341465,11.741176470588234,0.9156379852648616,-0.9630561647242444,0.0987258879999997,0.0,5.0,7.470588235294118,3.2561254036733462,0.3591411884205181,-1.9849640325038078,0.7888956349253364,0.243036118996127,5.4321659767305235,4.991763674312907,0.30487542202753004,0.3079349674993698,0.3865507568267145,0.036153027598859466,0.8806090994530109,0.6475437062937106,0.18358721230842312,45.37312652465231,0.6740498741667424,0.7365853658536586,0.0,,0.26625338284311106
59,1,9.749940992,release,high,5.8,deliberate,0.0,2.124390243902439,6.605882352941176,,,0.0,0.0,0.0,5.470588235294118,15.045740878814604,-1.2352378571428573,6.20105,-13.140215800868402,,0.0,0.5580941834338197,,0.29619968014651404,0.3333333333333333,-0.7511887308828084,,1.6888866094420596,0.0,122.23364573087869,0.0,10.856097560975611,0.0,-0.2614231915863905,0.30904955148537094
59,0,9.772505856,release,high,5.8,deliberate,11.104444444444447,10.61951219512195,8.688235294117648,0.9563298954982744,-0.5036841764683235,0.08882662400000108,0.0,7.0,8.058823529411764,6.568385897789489e-16,-0.010652039312039396,-0.16766499590499695,0.07717703798453347,0.553838225010725,3.400000000000001,3.2964544270658145,0.3061847561847561,0.3123085984140357,0.4004130099190043,0.06869790646189029,1.2188752351313212,0.38605824742268036,0.1624276068211069,53.29232387306614,1.6001552819309806e-14,2.614634146341463,0.0,,0.298809938241232
60,1,12.182142208,release,medium,13.4,deliberate,12.384444444444446,5.775609756097562,3.8437500000000004,0.46636001978178765,-1.8618492257122334,0.0,0.0,3.422222222222222,17.875,15.943147409813992,0.7640851022395326,-4.293872184355729,-2.510476076097577,0.6705146034102777,3.6643867587252643,2.755333057559132,0.2958848537222318,0.6262121452079413,0.9617692030835672,1.8441724127211192,20.991844762072702,12.190002739726028,0.8130018193302125,155.02748738652434,47.15048445942883,4.060975609756097,0.5173913043478262,-0.7974841362093499,0.7487947095027445
60,0,12.281648384,release,medium,10.9,deliberate,11.97111111111111,3.085365853658537,3.1312500000000005,0.2577342925833194,0.14796363797723291,0.011038719999998392,0.0,8.444444444444445,14.0,12.262698732645756,-1.6265129032258063,7.535729032258064,-0.9583775318527017,0.24746180149852195,3.6647127824257058,2.66276208731887,0.3256819383958077,0.8664241622020026,0.9162456945817025,0.3172860159540707,14.487080709430643,1.8675399999999995,1.2342214269531042,77.82548140433751,12.117107600426776,3.6439024390243904,0.0,-0.7124000949133653,0.7292929131541
61,1,8.088301568,release,high,13.4,deliberate,14.52666666666667,14.487804878048777,14.10625,0.9973247965614116,-0.04237293712498831,0.06625203199999952,0.0,4.0,4.9375,1.5915313488650753,-1.0348543355458268,-2.3032539542437513,-0.3691781253859944,2.1164984156709066,3.626786581670181,3.673501179201549,0.24966768504520362,0.2532736637294828,0.29022037650019067,0.031870808695910614,2.015763757104253,0.5938832352941188,0.5378735546711783,73.71166491444328,0.5230823031956988,11.931707317073172,0.0,-0.4036231028622649,0.2931231258875732
61,0,8.121131264,release,high,13.4,deliberate,12.326666666666663,11.21951219512195,8.16875,0.9101821683441282,-1.0577170525022808,0.0,0.0,9.933333333333334,7.75,-8.707595911499052,1.8439528455284553,-8.66759430894309,0.7488193454195983,0.0738709993036527,3.6048384150029777,3.290615235366877,0.2924764308143778,0.3072508290700226,0.7071067811865476,0.18280692856406638,6.384678383380901,1.3346133043478248,1.3833291680548396,81.88429548328749,2.135415511590997,14.170731707317072,0.0,-0.3071788691457519,0.2593349872933823
62,0,9.112456704,release,high,9.7,deliberate,11.3,12.460975609756098,10.73529411764706,1.1027412044031943,0.14244813842815587,0.01151155199999998,0.0,5.0,6.882352941176471,5.436475144599603,-0.11836082527268987,-1.1454594875488766,-0.3059924603381346,0.733724778761062,3.2649655434629006,3.76472317129454,0.28893500384627446,0.3017964158914744,0.32578897037492793,0.06088983562469445,2.6965594667406094,0.717232878787879,0.26456778761061744,85.50115669804532,1.783816429781515e-14,27.868292682926832,0.0,-0.11585806434350586,0.2897735781008078
62,1,9.13449344,release,high,9.7,deliberate,28.068888888888885,26.600000000000005,20.905882352941177,0.9476684348032621,-0.6832132314721949,0.0,0.0,7.0,8.588235294117647,-3.713473442532017,1.3141021428571429,-3.696100357142857,0.8741131862029952,0.6180494084618424,7.987220891293183,7.716397499629973,0.284558126405888,0.2901650188419021,0.2948148676129491,0.01907519534014787,11.781993977310947,1.9879162989323862,1.9367964115065275,174.1568513163755,0.991882428211903,12.024390243902438,0.0,-0.47842197822062055,0.3058085572287258
