episode,t,finger,label,conf,dur,bg_votes,flagged
0,2.190105856,f1,contact_onset,medium,,0.0,False
0,2.201849344,f0,contact_onset,medium,,0.0,False
0,2.201849344,f1,slip,medium,0.11,0.0,False
0,2.212014592,f0,slip,medium,0.12,0.0,False
0,2.50900096,f0,grasp_stable,medium,,0.0,False
0,2.50900096,f1,grasp_stable,medium,,0.0,False
0,2.718140672,f0,release,medium,,0.0,False
0,2.73164416,f1,release,medium,,0.0,False
0,3.818695936,f1,contact_onset,medium,,0.0,False
0,3.88516224,f1,drop,medium,,1.0,False
0,5.007457024,f1,contact_onset,high,,0.0,False
0,5.007457024,f1,slip,high,0.17,0.0,False
0,5.03225984,f0,contact_onset,high,,0.0,False
0,5.074458624,f0,slip,high,0.13,0.0,False
0,5.37147776,f0,grasp_stable,medium,,0.0,False
0,5.503913216,f1,slip,medium,0.11,0.0,False
0,5.55818368,f0,slip,medium,0.11,0.0,False
0,5.999983104,f1,grasp_stable,medium,,3.0,False
0,6.988816896,f1,slip,medium,0.24,4.0,True
0,10.43492224,f0,slip,medium,0.17,0.0,False
0,10.455927808,f1,slip,medium,0.11,0.0,False
0,10.488711424,f0,place,medium,0.18,0.0,False
0,10.58817408,f1,place,high,0.18,0.0,False
0,10.667516416,f0,release,high,,0.0,False
0,10.767818752,f1,release,high,,0.0,False
0,27.824961667,f0,background,,,7.0,True
0,44.100308667,f0,background,,,7.0,True
0,12.973453467,f1,background,,,7.0,True
0,52.200372667,f1,background,,,7.0,True
1,6.115103232,f0,contact_onset,high,,0.0,False
1,6.170600192,f1,contact_onset,high,,0.0,False
1,6.502653184,f0,grasp_stable,medium,,0.0,False
1,6.545121536,f1,grasp_stable,medium,,0.0,False
1,6.577964288,f0,slip,medium,0.11,0.0,False
1,6.577964288,f1,slip,medium,0.3,0.0,False
1,7.7770176,f1,slip,high,0.11,0.0,False
1,8.746325504,f1,slip,medium,0.14,5.0,True
1,12.377144576,f1,place,medium,0.26,0.0,False
1,12.38815232,f1,slip,medium,0.17,0.0,False
1,12.41066624,f0,place,medium,0.27,0.0,False
1,12.45474688,f0,slip,high,0.21,0.0,False
1,12.564181504,f1,slip,high,0.19,0.0,False
1,12.640979712,f1,release,high,,0.0,False
1,12.685516544,f0,release,medium,,0.0,False
1,7.3161272,f0,background,,,5.0,True
1,5.4888693,f0,background,,,7.0,True
1,2.8366776,f1,background,,,7.0,True
1,13.3060611,f1,background,,,7.0,True
2,6.412864,f0,contact_onset,high,,0.0,False
2,6.445424896,f1,contact_onset,high,,0.0,False
2,6.753876224,f1,grasp_stable,high,,0.0,False
2,8.459480832,f0,grasp_stable,medium,,5.0,True
2,8.491636736,f0,slip,medium,0.11,4.0,True
2,8.943504384,f0,slip,medium,0.24,0.0,False
2,9.03524224,f0,place,high,0.17,0.0,False
2,9.074871808,f1,slip,high,0.19,0.0,False
2,9.101593088,f1,place,high,0.05,0.0,False
2,9.152626688,f1,release,high,,0.0,False
2,9.207847168,f0,release,high,,0.0,False
2,6.998480034,f0,background,,,5.0,True
2,27.994271834,f0,background,,,7.0,True
2,37.424197234,f1,background,,,7.0,True
2,20.203084734,f1,background,,,7.0,True
3,4.642928896,f0,contact_onset,high,,0.0,False
3,4.665445376,f1,contact_onset,high,,0.0,False
3,5.017031168,f0,grasp_stable,medium,,0.0,False
3,5.017031168,f1,grasp_stable,medium,,0.0,False
3,5.072448512,f0,slip,medium,0.11,0.0,False
3,5.303414016,f1,slip,medium,0.11,2.0,False
3,5.40183808,f0,slip,medium,0.11,0.0,False
3,6.800384512,f0,slip,medium,0.18,0.0,False
3,7.14064128,f0,slip,high,0.34,0.0,False
3,9.497696512,f1,slip,medium,0.27,0.0,False
3,9.598261504,f0,place,high,0.08,0.0,False
3,9.605261568,f0,slip,high,0.19,0.0,False
3,9.664314624,f1,release,high,,0.0,False
3,9.682317056,f0,release,high,,0.0,False
3,17.0771498,f0,background,,,7.0,True
3,20.8800644,f0,background,,,7.0,True
3,21.8598417,f1,background,,,7.0,True
3,2.4167064,f1,background,,,7.0,True
4,4.654996992,f0,contact_onset,medium,,0.0,False
4,4.754000896,f1,contact_onset,high,,0.0,False
4,5.09580928,f1,grasp_stable,medium,,0.0,False
4,5.16246272,f1,slip,medium,0.14,0.0,False
4,5.172463872,f0,grasp_stable,medium,,0.0,False
4,5.348420352,f1,slip,medium,0.11,0.0,False
4,8.497033216,f0,place,high,0.09,0.0,False
4,8.506033408,f0,slip,high,0.19,0.0,False
4,8.517447424,f1,place,high,0.08,0.0,False
4,8.563489792,f1,slip,high,0.14,0.0,False
4,8.583500288,f0,release,high,,0.0,False
4,8.597026816,f1,release,high,,0.0,False
4,33.2168611,f0,background,,,7.0,True
4,19.6160445,f0,background,,,7.0,True
4,14.7200642,f1,background,,,7.0,True
4,30.5425272,f1,background,,,7.0,True
5,4.984575744,f1,contact_onset,medium,,0.0,False
5,5.370129152,f0,contact_onset,medium,,0.0,False
5,5.468929792,f1,grasp_stable,medium,,0.0,False
5,5.81029632,f0,grasp_stable,high,,0.0,False
5,5.876263424,f0,slip,high,0.14,1.0,False
5,6.735971328,f1,slip,medium,0.11,1.0,False
5,7.075625216,f1,slip,medium,0.11,1.0,False
5,10.370078208,f0,place,high,0.07,0.0,False
5,10.377006592,f1,place,high,0.08,0.0,False
5,10.410642176,f1,slip,high,0.15,0.0,False
5,10.443208192,f0,release,high,,0.0,False
5,10.45421184,f1,release,high,,0.0,False
5,9.8184871,f0,background,,,3.0,False
5,6.8800926,f0,background,,,4.0,True
5,7.9385735,f1,background,,,1.0,False
5,2.3457534,f1,background,,,7.0,True
6,4.632338176,f0,contact_onset,high,,0.0,False
6,4.797207296,f1,contact_onset,high,,0.0,False
6,4.940549632,f0,grasp_stable,high,,0.0,False
6,5.182768384,f1,grasp_stable,medium,,0.0,False
6,7.041391872,f1,slip,high,0.12,0.0,False
6,7.052908288,f1,release,high,,0.0,False
6,7.107131392,f0,place,high,0.03,0.0,False
6,7.140182016,f0,release,high,,0.0,False
6,9.7034627,f0,background,,,7.0,True
6,7.7507186,f0,background,,,7.0,True
6,10.0498425,f1,background,,,7.0,True
6,10.7696538,f1,background,,,7.0,True
7,4.466635776,f0,contact_onset,high,,0.0,False
7,4.640396544,f1,contact_onset,high,,0.0,False
7,4.926338304,f0,grasp_stable,medium,,3.0,False
7,5.401306112,f1,grasp_stable,medium,,1.0,False
7,7.634976256,f1,place,high,0.07,0.0,False
7,7.644516608,f0,place,high,0.13,0.0,False
7,7.701641728,f1,release,high,,0.0,False
7,7.775981312,f0,release,high,,0.0,False
7,10.110986067,f0,background,,,7.0,True
7,3.937503867,f0,background,,,7.0,True
7,6.512669567,f1,background,,,1.0,False
7,6.116575067,f1,background,,,3.0,False
8,3.795372544,f0,contact_onset,high,,0.0,False
8,3.871493632,f1,contact_onset,high,,0.0,False
8,4.081022208,f1,slip,high,0.05,0.0,False
8,4.095550976,f0,grasp_stable,high,,0.0,False
8,4.399862272,f1,grasp_stable,medium,,4.0,True
8,7.197106688,f1,place,high,0.04,0.0,False
8,7.229600256,f1,slip,high,0.12,0.0,False
8,7.238676224,f0,place,high,0.03,0.0,False
8,7.238676224,f1,release,high,,0.0,False
8,7.271817472,f0,release,high,,0.0,False
8,4.7030895,f0,background,,,4.0,True
8,9.8758327,f0,background,,,7.0,True
8,7.8723393,f1,background,,,7.0,True
8,0.9840618,f1,background,,,7.0,True
9,3.78585344,f0,contact_onset,medium,,0.0,False
9,3.951207424,f1,contact_onset,high,,0.0,False
9,4.225680128,f0,grasp_stable,medium,,4.0,True
9,4.32524416,f1,grasp_stable,medium,,0.0,False
9,6.823251456,f1,place,high,0.08,0.0,False
9,6.900030464,f1,release,high,,0.0,False
9,6.922113024,f0,release,high,,0.0,False
9,0.8518111,f0,background,,,7.0,True
9,2.194774,f0,background,,,7.0,True
9,9.8870666,f1,background,,,7.0,True
9,5.6506093,f1,background,,,1.0,False
10,4.7753344,f0,contact_onset,high,,0.0,False
10,4.785848832,f1,contact_onset,high,,0.0,False
10,5.149741824,f0,grasp_stable,medium,,3.0,False
10,5.171403008,f1,grasp_stable,medium,,0.0,False
10,8.307451136,f1,place,high,0.04,0.0,False
10,8.318450432,f0,place,high,0.08,0.0,False
10,8.318450432,f1,slip,high,0.15,0.0,False
10,8.340621568,f0,place,high,0.3,0.0,False
10,8.340621568,f1,place,high,0.3,0.0,False
10,8.351624704,f1,release,high,,0.0,False
10,8.397904128,f0,release,high,,0.0,False
10,9.3589137,f0,background,,,7.0,True
10,3.0757006,f0,background,,,7.0,True
10,10.7239848,f1,background,,,7.0,True
10,3.8568741,f1,background,,,7.0,True
11,3.894759936,f0,contact_onset,high,,0.0,False
11,3.928380416,f1,contact_onset,high,,0.0,False
11,4.302080512,f1,grasp_stable,medium,,0.0,False
11,4.53362176,f0,grasp_stable,medium,,3.0,False
11,6.910174976,f1,place,high,0.03,0.0,False
11,6.92060288,f0,place,high,0.03,0.0,False
11,6.943298304,f1,release,high,,0.0,False
11,6.954380288,f0,release,high,,0.0,False
11,3.077573834,f0,background,,,7.0,True
11,5.179561134,f0,background,,,4.0,True
11,2.153336234,f1,background,,,7.0,True
11,3.253878434,f1,background,,,7.0,True
12,5.735463424,f0,contact_onset,high,,0.0,False
12,5.776141824,f1,contact_onset,high,,0.0,False
12,6.095099392,f0,grasp_stable,medium,,2.0,False
12,6.150174464,f1,grasp_stable,medium,,0.0,False
12,9.176327936,f1,slip,high,0.13,0.0,False
12,9.203516672,f1,release,high,,0.0,False
12,9.286090496,f0,release,high,,0.0,False
12,7.041088767,f0,background,,,5.0,True
12,1.979668067,f0,background,,,7.0,True
12,10.037144367,f1,background,,,7.0,True
12,13.754748867,f1,background,,,7.0,True
13,4.609588736,f0,contact_onset,high,,0.0,False
13,4.700681728,f1,contact_onset,high,,0.0,False
13,4.95113216,f0,grasp_stable,medium,,1.0,False
13,5.016671744,f0,slip,medium,0.17,4.0,True
13,5.171986944,f1,slip,medium,0.11,0.0,False
13,5.467962112,f1,grasp_stable,medium,,0.0,False
13,5.589040896,f1,slip,medium,0.35,1.0,False
13,6.050744576,f1,slip,medium,0.21,2.0,False
13,6.38167936,f1,slip,medium,0.11,1.0,False
13,6.623309568,f1,slip,medium,0.64,0.0,False
13,7.107271424,f1,place,medium,0.1,0.0,False
13,7.2065088,f1,release,high,,0.0,False
13,7.261165312,f0,release,high,,0.0,False
13,8.286861067,f0,background,,,7.0,True
13,1.806627767,f0,background,,,7.0,True
13,8.870107767,f1,background,,,7.0,True
13,1.519643867,f1,background,,,7.0,True
14,4.243282176,f0,contact_onset,high,,0.0,False
14,4.376137984,f1,contact_onset,medium,,0.0,False
14,4.540360192,f0,grasp_stable,high,,1.0,False
14,4.58490624,f1,slip,high,0.22,0.0,False
14,4.90356352,f1,grasp_stable,medium,,0.0,False
14,7.148081152,f1,place,high,0.08,0.0,False
14,7.1816192,f1,slip,high,0.14,0.0,False
14,7.225153792,f1,release,high,,0.0,False
14,7.23669504,f0,release,high,,0.0,False
14,1.340455034,f0,background,,,7.0,True
14,0.834917234,f0,background,,,7.0,True
14,3.342228934,f1,background,,,7.0,True
14,6.038555634,f1,background,,,1.0,False
15,4.07067904,f0,contact_onset,high,,0.0,False
15,4.224786688,f1,contact_onset,medium,,0.0,False
15,4.378367232,f0,grasp_stable,medium,,0.0,False
15,4.587423488,f1,grasp_stable,medium,,0.0,False
15,5.093607424,f0,slip,medium,0.11,0.0,False
15,5.665860096,f1,slip,medium,0.11,0.0,False
15,5.786477568,f1,slip,medium,0.28,1.0,False
15,6.370200832,f1,slip,medium,0.36,0.0,False
15,7.635597312,f0,slip,medium,0.11,3.0,False
15,7.701759232,f1,place,high,0.05,0.0,False
15,7.745430528,f1,slip,high,0.12,0.0,False
15,7.756694528,f1,release,high,,0.0,False
15,7.778296064,f0,place,high,0.2,0.0,False
15,7.84448512,f0,slip,high,0.11,0.0,False
15,7.976232192,f0,release,medium,,1.0,False
15,0.982192567,f0,background,,,7.0,True
15,7.036333367,f0,background,,,4.0,True
15,0.608845267,f1,background,,,7.0,True
15,10.081411867,f1,background,,,7.0,True
16,6.073047808,f0,contact_onset,high,,0.0,False
16,6.370647808,f0,grasp_stable,medium,,0.0,False
16,6.634627072,f1,contact_onset,high,,0.0,False
16,6.83511424,f1,slip,high,0.12,0.0,False
16,7.035298048,f1,grasp_stable,medium,,0.0,False
16,8.295479296,f0,place,high,0.18,0.0,False
16,8.317326848,f1,place,high,0.06,0.0,False
16,8.351067648,f1,slip,high,0.13,0.0,False
16,8.372594432,f1,release,high,,0.0,False
16,8.406115072,f0,place,high,0.3,0.0,False
16,8.472244736,f0,release,high,,0.0,False
16,5.0845898,f0,background,,,7.0,True
16,10.3044823,f0,background,,,7.0,True
16,9.8594972,f1,background,,,7.0,True
16,0.804294,f1,background,,,7.0,True
17,4.271081984,f0,contact_onset,medium,,0.0,False
17,4.325700096,f1,contact_onset,medium,,0.0,False
17,4.5564864,f1,slip,high,0.33,0.0,False
17,4.577993472,f0,grasp_stable,high,,0.0,False
17,5.282453248,f1,slip,medium,0.11,0.0,False
17,5.304955904,f1,grasp_stable,medium,,0.0,False
17,5.84411648,f1,slip,medium,0.07,2.0,False
17,6.074904832,f1,slip,medium,0.14,2.0,False
17,7.142100224,f1,slip,medium,0.26,2.0,False
17,7.879544832,f1,slip,medium,0.11,2.0,False
17,8.120804096,f1,slip,medium,0.13,1.0,False
17,8.35216768,f1,slip,medium,0.37,0.0,False
17,8.54019072,f1,place,high,0.08,0.0,False
17,8.561197056,f0,place,high,0.1,0.0,False
17,8.616594688,f1,release,high,,0.0,False
17,8.660252672,f0,release,high,,0.0,False
17,11.337283234,f0,background,,,7.0,True
17,12.261471434,f0,background,,,7.0,True
17,2.578103334,f1,background,,,7.0,True
17,0.938987334,f1,background,,,7.0,True
18,3.455421184,f1,contact_onset,high,,0.0,False
18,3.488010752,f0,contact_onset,high,,0.0,False
18,3.751969792,f1,slip,high,0.3,0.0,False
18,3.818125056,f0,grasp_stable,high,,0.0,False
18,4.105108224,f1,grasp_stable,medium,,1.0,False
18,6.77823104,f0,place,high,0.13,0.0,False
18,6.78927232,f1,place,high,0.07,0.0,False
18,6.81098752,f1,slip,high,0.16,0.0,False
18,6.85544704,f1,release,high,,0.0,False
18,6.909538048,f0,release,high,,0.0,False
18,2.1378508,f0,background,,,7.0,True
18,9.6757428,f0,background,,,7.0,True
18,9.6308045,f1,background,,,7.0,True
18,8.8709114,f1,background,,,7.0,True
19,3.322421504,f1,contact_onset,medium,,1.0,False
19,3.667449088,f1,drop,low,,0.0,False
19,3.7406272,f0,contact_onset,medium,,0.0,False
19,4.037799936,f0,grasp_stable,medium,,0.0,False
19,4.202621184,f1,contact_onset,high,,0.0,False
19,4.60115584,f1,grasp_stable,medium,,0.0,False
19,6.139693312,f1,place,high,0.04,0.0,False
19,6.150696192,f0,place,high,0.06,0.0,False
19,6.150696192,f1,slip,high,0.14,0.0,False
19,6.173184512,f0,slip,high,0.14,0.0,False
19,6.183197184,f1,release,high,,0.0,False
19,6.205912832,f0,release,high,,0.0,False
19,9.574393167,f0,background,,,7.0,True
19,1.991997967,f0,background,,,7.0,True
19,8.715702067,f1,background,,,7.0,True
19,0.583317867,f1,background,,,7.0,True
20,3.794769664,f0,contact_onset,high,,0.0,False
20,3.839272192,f1,contact_onset,high,,0.0,False
20,4.146629376,f0,grasp_stable,medium,,0.0,False
20,4.234407168,f0,slip,medium,0.11,1.0,False
20,4.377690112,f1,grasp_stable,medium,,1.0,False
20,4.568493568,f1,slip,high,0.11,0.0,False
20,4.575940608,f0,slip,high,0.37,1.0,False
20,4.701431808,f1,slip,high,0.14,3.0,False
20,5.026797312,f0,slip,medium,0.61,4.0,True
20,5.929430272,f0,slip,medium,0.11,0.0,False
20,6.060930816,f1,slip,high,0.14,0.0,False
20,6.093376256,f1,release,high,,0.0,False
20,6.137593344,f0,place,high,0.09,1.0,False
20,6.225714176,f0,release,medium,,0.0,False
20,7.723905234,f0,background,,,7.0,True
20,7.096834234,f0,background,,,7.0,True
20,9.462807034,f1,background,,,7.0,True
20,1.959040934,f1,background,,,7.0,True
21,3.84041728,f1,contact_onset,medium,,0.0,False
21,4.169974528,f1,grasp_stable,medium,,0.0,False
21,4.45591808,f1,drop,low,,0.0,False
21,7.283561472,f1,contact_onset,high,,0.0,False
21,7.668626688,f1,grasp_stable,medium,,0.0,False
21,7.800499712,f1,slip,medium,0.11,1.0,False
21,7.889139712,f0,contact_onset,medium,,0.0,False
21,8.537834752,f1,slip,medium,0.31,0.0,False
21,8.791058176,f0,grasp_stable,medium,,1.0,False
21,9.099340544,f1,slip,medium,0.16,0.0,False
21,12.025198336,f1,slip,medium,0.25,0.0,False
21,12.587315456,f0,place,medium,0.14,0.0,False
21,12.708498688,f1,place,high,0.16,0.0,False
21,12.730677504,f0,release,high,,0.0,False
21,12.873226752,f1,release,medium,,0.0,False
21,6.137507334,f0,background,,,7.0,True
21,6.312361234,f0,background,,,7.0,True
21,15.499486034,f1,background,,,7.0,True
21,11.142026734,f1,background,,,2.0,False
22,6.029562112,f1,contact_onset,medium,,2.0,False
22,6.249356288,f1,slip,medium,0.13,3.0,False
22,6.435804672,f1,slip,high,0.25,0.0,False
22,6.7219968,f0,contact_onset,high,,0.0,False
22,6.952553728,f1,grasp_stable,medium,,0.0,False
22,6.975186944,f0,slip,medium,0.17,0.0,False
22,7.50351616,f0,grasp_stable,high,,1.0,False
22,7.569043968,f0,slip,high,0.39,1.0,False
22,7.623710208,f1,slip,high,0.75,1.0,False
22,8.263200256,f0,slip,medium,0.14,1.0,False
22,8.482422272,f1,slip,medium,0.2,1.0,False
22,8.768678656,f0,slip,medium,0.23,0.0,False
22,8.768678656,f1,slip,medium,0.15,1.0,False
22,8.878792448,f0,place,high,0.69,1.0,False
22,9.308082432,f1,slip,medium,0.27,1.0,False
22,9.571307008,f0,release,high,,5.0,True
22,9.8581888,f1,release,high,,4.0,True
22,4.648745067,f0,background,,,7.0,True
22,11.350160467,f0,background,,,7.0,True
22,0.357346367,f1,background,,,7.0,True
22,2.261618467,f1,background,,,7.0,True
22,10.764146176,f1,sensor_residual,low,,5.0,True
23,7.811385344,f1,contact_onset,medium,,0.0,False
23,7.93570688,f0,contact_onset,high,,0.0,False
23,8.240842496,f1,grasp_stable,medium,,0.0,False
23,8.32948608,f0,slip,medium,0.08,0.0,False
23,8.438993664,f1,slip,medium,0.18,0.0,False
23,8.57093248,f0,grasp_stable,medium,,3.0,False
23,8.758445824,f1,slip,medium,0.22,0.0,False
23,9.186976256,f1,slip,medium,0.29,0.0,False
23,9.715447296,f1,slip,medium,0.19,0.0,False
23,9.935794432,f1,slip,medium,0.42,0.0,False
23,10.386760704,f1,slip,medium,0.29,0.0,False
23,10.759961856,f1,slip,high,0.42,0.0,False
23,10.870431744,f0,slip,high,0.19,2.0,False
23,11.22255104,f0,slip,medium,0.11,0.0,False
23,11.684828416,f0,slip,medium,0.14,0.0,False
23,11.707302656,f0,place,medium,0.16,0.0,False
23,11.87156096,f0,release,high,,0.0,False
23,1.8496357,f0,background,,,7.0,True
23,5.0844612,f0,background,,,7.0,True
23,12.9843583,f1,background,,,4.0,True
23,12.1482309,f1,background,,,0.0,False
24,1.532199424,f1,contact_onset,medium,,4.0,True
24,4.932541952,f1,place,medium,0.29,2.0,False
24,4.999571712,f1,grasp_stable,medium,,1.0,False
24,6.28237824,f1,slip,high,0.13,0.0,False
24,6.55789696,f0,contact_onset,medium,,5.0,True
24,7.39318144,f0,slip,high,0.11,0.0,False
24,8.284679936,f0,grasp_stable,medium,,3.0,False
24,11.079071744,f0,place,medium,0.43,3.0,False
24,11.167629824,f0,slip,medium,0.11,1.0,False
24,11.486356992,f1,place,high,0.49,0.0,False
24,11.507914496,f0,release,high,,0.0,False
24,11.98095744,f1,release,medium,,4.0,True
24,13.0626928,f0,background,,,7.0,True
24,3.5456126,f0,background,,,7.0,True
24,4.2716612,f1,background,,,3.0,False
24,13.5138796,f1,background,,,6.0,True
25,8.578947328,f1,contact_onset,medium,,0.0,False
25,8.735335424,f0,contact_onset,high,,0.0,False
25,8.809527552,f1,slip,high,0.39,0.0,False
25,8.974167296,f0,slip,medium,0.17,0.0,False
25,9.172264192,f0,slip,medium,0.28,1.0,False
25,9.227492352,f1,grasp_stable,medium,,4.0,True
25,9.3485888,f1,slip,medium,0.12,4.0,True
25,9.557983744,f0,grasp_stable,medium,,2.0,False
25,9.61302272,f1,slip,medium,0.21,3.0,False
25,10.053131264,f1,slip,medium,0.16,4.0,True
25,10.316756736,f0,slip,medium,0.18,2.0,False
25,10.38260608,f1,slip,medium,0.45,2.0,False
25,10.86871424,f0,slip,medium,0.15,0.0,False
25,11.010113024,f1,slip,medium,0.11,4.0,True
25,11.384387584,f1,place,medium,0.3,2.0,False
25,11.681496832,f1,drop,low,,0.0,False
25,13.738377216,f0,slip,medium,0.11,2.0,False
25,13.970428928,f0,place,high,0.21,0.0,False
25,14.112524544,f1,contact_onset,medium,,7.0,True
25,14.178759168,f0,release,medium,,0.0,False
25,12.0125118,f0,background,,,3.0,False
25,12.5410442,f0,background,,,4.0,True
25,16.0289423,f1,background,,,6.0,True
25,16.9969825,f1,background,,,5.0,True
25,11.681496832,f1,finger_unload,high,,0.0,False
25,14.112524544,f1,phantom,low,,7.0,True
25,15.53738496,f1,phantom,low,,5.0,True
25,16.576724736,f1,phantom,low,,4.0,True
26,4.45601408,f1,contact_onset,high,,0.0,False
26,4.47853056,f0,contact_onset,high,,0.0,False
26,4.863584768,f1,grasp_stable,medium,,0.0,False
26,4.951549952,f0,grasp_stable,medium,,0.0,False
26,8.472310272,f1,place,medium,0.6,0.0,False
26,8.496881664,f0,place,medium,0.56,3.0,False
26,8.967454976,f1,slip,high,0.2,0.0,False
26,9.055746048,f0,release,high,,0.0,False
26,9.077163776,f1,release,high,,0.0,False
26,9.7440586,f0,background,,,7.0,True
26,6.4875101,f0,background,,,3.0,False
26,5.464024,f1,background,,,0.0,False
26,1.0954377,f1,background,,,7.0,True
27,6.469467648,f1,contact_onset,high,,0.0,False
27,6.778479104,f1,grasp_stable,medium,,1.0,False
27,7.316766976,f0,contact_onset,high,,0.0,False
27,8.16374784,f0,grasp_stable,medium,,5.0,True
27,8.417952,f1,slip,medium,0.15,1.0,False
27,8.736561664,f1,slip,medium,0.26,2.0,False
27,9.517322752,f1,slip,medium,0.12,2.0,False
27,10.6177408,f1,slip,medium,0.26,0.0,False
27,10.963121664,f0,place,high,0.15,0.0,False
27,11.035845888,f1,release,high,,0.0,False
27,11.0476608,f0,place,high,0.3,0.0,False
27,11.113545472,f0,release,high,,0.0,False
27,13.342395167,f0,background,,,7.0,True
27,0.701075367,f0,background,,,7.0,True
27,0.412989867,f1,background,,,7.0,True
27,3.868726867,f1,background,,,7.0,True
28,5.652334848,f1,contact_onset,medium,,7.0,True
28,6.477675264,f0,contact_onset,high,,0.0,False
28,6.741746944,f1,slip,medium,0.3,0.0,False
28,6.88447872,f0,grasp_stable,medium,,2.0,False
28,7.104553216,f1,grasp_stable,high,,1.0,False
28,7.390952704,f1,slip,medium,0.11,3.0,False
28,8.193837824,f1,slip,medium,0.36,2.0,False
28,9.657029632,f1,slip,medium,0.19,2.0,False
28,12.012353536,f1,slip,medium,0.48,0.0,False
28,12.375126784,f0,place,high,0.07,0.0,False
28,12.442349056,f0,release,high,,0.0,False
28,3.3431379,f0,background,,,7.0,True
28,7.6559773,f0,background,,,2.0,False
28,3.3025956,f1,background,,,7.0,True
28,4.3030319,f1,background,,,7.0,True
29,5.479411456,f1,contact_onset,high,,0.0,False
29,5.544688128,f0,contact_onset,high,,0.0,False
29,5.897380352,f1,grasp_stable,medium,,1.0,False
29,6.01785344,f0,grasp_stable,medium,,1.0,False
29,6.149693184,f1,slip,medium,0.11,4.0,True
29,9.629634048,f0,place,medium,0.22,0.0,False
29,9.736329472,f0,place,high,0.3,0.0,False
29,9.736329472,f1,place,high,0.3,0.0,False
29,9.780985344,f1,place,high,0.15,0.0,False
29,9.846579456,f0,release,high,,1.0,False
29,9.934955008,f1,release,high,,0.0,False
29,2.936378734,f0,background,,,7.0,True
29,2.406210234,f0,background,,,7.0,True
29,7.378367034,f1,background,,,2.0,False
29,10.491916134,f1,background,,,7.0,True
30,6.027974144,f1,contact_onset,high,,0.0,False
30,6.511808256,f1,grasp_stable,medium,,0.0,False
30,6.787225856,f0,contact_onset,high,,0.0,False
30,6.908107008,f1,slip,high,0.21,2.0,False
30,7.23935616,f1,slip,medium,0.38,1.0,False
30,7.24936064,f0,slip,medium,0.11,1.0,False
30,7.535212544,f0,grasp_stable,medium,,4.0,True
30,7.701008896,f1,slip,medium,0.4,0.0,False
30,8.00918656,f0,slip,medium,0.11,5.0,True
30,8.29526528,f1,slip,medium,0.11,0.0,False
30,8.877760512,f1,slip,medium,0.14,1.0,False
30,8.910340352,f0,slip,medium,0.21,4.0,True
30,9.05428992,f1,slip,medium,0.18,1.0,False
30,9.472383232,f1,slip,medium,0.11,1.0,False
30,9.62602624,f1,slip,medium,0.44,1.0,False
30,9.92276352,f1,place,high,0.03,0.0,False
30,9.955927296,f1,release,high,,0.0,False
30,9.968768512,f0,place,high,0.05,0.0,False
30,10.022299904,f0,release,high,,0.0,False
30,5.489636034,f0,background,,,7.0,True
30,12.179701034,f0,background,,,7.0,True
30,4.257497434,f1,background,,,5.0,True
30,3.960869534,f1,background,,,7.0,True
31,4.26793984,f1,contact_onset,high,,0.0,False
31,4.531886336,f1,slip,medium,0.1,0.0,False
31,4.565400064,f1,grasp_stable,medium,,0.0,False
31,5.030293504,f1,release,high,,0.0,False
31,6.556446976,f1,contact_onset,medium,,0.0,False
31,6.97404928,f1,grasp_stable,medium,,0.0,False
31,7.130332672,f1,slip,medium,0.12,0.0,False
31,7.139332864,f1,release,medium,,0.0,False
31,8.614105344,f1,contact_onset,high,,0.0,False
31,8.844951552,f1,slip,medium,0.11,0.0,False
31,8.976912384,f1,grasp_stable,medium,,0.0,False
31,9.087475456,f1,slip,medium,0.11,2.0,False
31,9.45033088,f1,slip,medium,0.17,0.0,False
31,9.582215168,f0,contact_onset,medium,,0.0,False
31,9.780250624,f1,slip,high,0.3,1.0,False
31,9.791248128,f0,slip,high,0.34,0.0,False
31,10.14334464,f0,grasp_stable,medium,,1.0,False
31,12.344103936,f1,place,high,0.05,1.0,False
31,12.35517568,f0,release,high,,0.0,False
31,12.35517568,f1,slip,high,0.12,1.0,False
31,12.398532864,f1,release,high,,0.0,False
31,5.3628315,f0,background,,,7.0,True
31,13.5047316,f0,background,,,7.0,True
31,14.0117365,f1,background,,,7.0,True
31,13.2192647,f1,background,,,7.0,True
32,4.67475584,f1,contact_onset,high,,0.0,False
32,5.114843648,f1,grasp_stable,medium,,0.0,False
32,6.501423872,f1,release,medium,,0.0,False
32,6.90940416,f1,contact_onset,medium,,0.0,False
32,7.437228288,f1,grasp_stable,medium,,0.0,False
32,7.736352768,f0,contact_onset,high,,0.0,False
32,7.943266304,f0,slip,medium,0.09,0.0,False
32,8.16325632,f0,grasp_stable,high,,0.0,False
32,8.218092544,f0,slip,high,0.19,0.0,False
32,8.373005568,f1,slip,high,0.15,1.0,False
32,10.980408064,f0,slip,medium,0.11,4.0,True
32,11.112703232,f1,slip,medium,0.12,2.0,False
32,12.641703168,f1,place,high,0.04,0.0,False
32,12.652717568,f1,slip,high,0.14,0.0,False
32,12.685794304,f1,release,high,,0.0,False
32,12.69688576,f0,place,high,0.08,0.0,False
32,12.774416384,f0,release,high,,0.0,False
32,2.6072233,f0,background,,,7.0,True
32,9.2202817,f0,background,,,4.0,True
32,15.0197046,f1,background,,,7.0,True
32,1.815319,f1,background,,,7.0,True
33,4.55513344,f1,contact_onset,high,,0.0,False
33,4.654982656,f0,contact_onset,high,,0.0,False
33,4.867689216,f1,grasp_stable,medium,,0.0,False
33,4.952011776,f0,grasp_stable,medium,,0.0,False
33,5.41362432,f0,slip,medium,0.11,0.0,False
33,5.854244864,f0,slip,medium,0.34,1.0,False
33,7.119865344,f0,slip,medium,0.32,3.0,False
33,7.813037568,f1,place,medium,0.3,0.0,False
33,8.10971136,f1,drop,low,,0.0,False
33,8.168459264,f0,slip,high,0.19,1.0,False
33,8.747973632,f0,place,medium,0.37,3.0,False
33,9.122309888,f0,release,high,,0.0,False
33,2.635981534,f0,background,,,7.0,True
33,10.951149134,f0,background,,,7.0,True
33,6.549534434,f1,background,,,4.0,True
33,3.841716434,f1,background,,,7.0,True
33,8.10971136,f1,finger_unload,high,,0.0,False
33,8.968711168,f1,phantom,low,,3.0,False
33,10.23584896,f1,phantom,low,,4.0,True
34,3.775287552,f0,contact_onset,high,,0.0,False
34,4.204025088,f0,grasp_stable,medium,,0.0,False
34,4.853927424,f1,contact_onset,high,,0.0,False
34,5.08511616,f0,slip,medium,0.11,0.0,False
34,5.37101952,f1,slip,medium,0.2,0.0,False
34,5.381924096,f1,grasp_stable,medium,,0.0,False
34,5.833272064,f1,slip,medium,0.11,1.0,False
34,6.482675968,f1,slip,medium,0.16,2.0,False
34,6.846184448,f1,slip,medium,0.39,0.0,False
34,7.451279872,f1,place,high,0.1,0.0,False
34,7.484475136,f0,release,high,,0.0,False
34,7.5509056,f1,release,high,,0.0,False
34,9.722932567,f0,background,,,7.0,True
34,9.228554667,f0,background,,,7.0,True
34,1.479997267,f1,background,,,7.0,True
34,3.494242767,f1,background,,,7.0,True
35,3.936743936,f1,contact_onset,high,,0.0,False
35,4.235442432,f1,grasp_stable,medium,,0.0,False
35,4.54152576,f1,drop,low,,0.0,False
35,4.905651968,f1,contact_onset,medium,,0.0,False
35,4.937726464,f0,contact_onset,medium,,1.0,False
35,5.114264576,f1,slip,medium,0.21,0.0,False
35,5.256772864,f0,slip,medium,0.22,2.0,False
35,5.421886464,f1,grasp_stable,medium,,0.0,False
35,5.609579264,f1,slip,medium,0.24,0.0,False
35,5.950486528,f1,slip,medium,0.17,0.0,False
35,6.08282624,f0,slip,medium,0.16,2.0,False
35,6.203352064,f1,slip,medium,0.18,2.0,False
35,6.709472512,f1,slip,medium,0.52,0.0,False
35,7.205075968,f0,slip,medium,0.15,1.0,False
35,7.809317632,f1,slip,medium,0.21,0.0,False
35,8.27172352,f1,slip,medium,0.57,0.0,False
35,8.789158656,f0,slip,medium,0.25,1.0,False
35,8.910833152,f1,place,high,0.65,0.0,False
35,8.921757184,f0,place,high,0.1,3.0,False
35,9.020988928,f0,release,high,,6.0,True
35,9.030736896,f1,slip,high,0.15,0.0,False
35,9.559443968,f1,release,medium,,6.0,True
35,11.7402511,f0,background,,,7.0,True
35,3.7622918,f0,background,,,7.0,True
35,7.2512483,f1,background,,,0.0,False
35,3.2883838,f1,background,,,6.0,True
36,5.129337344,f1,contact_onset,high,,0.0,False
36,5.139744256,f0,contact_onset,high,,0.0,False
36,5.437155584,f1,grasp_stable,medium,,0.0,False
36,5.480701184,f0,grasp_stable,medium,,0.0,False
36,5.657272832,f0,slip,medium,0.18,0.0,False
36,8.453119744,f0,release,high,,0.0,False
36,4.5428385,f0,background,,,7.0,True
36,7.9441799,f0,background,,,3.0,False
36,9.3418639,f1,background,,,5.0,True
36,1.21833,f1,background,,,7.0,True
36,8.46407808,f1,sensor_residual,high,,0.0,False
36,9.609099264,f1,sensor_residual,medium,,5.0,True
37,5.24927232,f0,contact_onset,high,,0.0,False
37,5.31605248,f1,slip,high,0.11,0.0,False
37,5.569915904,f0,grasp_stable,medium,,0.0,False
37,5.613326336,f1,grasp_stable,medium,,0.0,False
37,5.921189632,f0,slip,medium,0.11,0.0,False
37,7.406681344,f0,slip,medium,0.14,3.0,False
37,7.682770944,f0,slip,medium,0.18,3.0,False
37,8.63142784,f0,slip,medium,0.11,2.0,False
37,8.897853184,f0,slip,medium,0.12,4.0,True
37,9.333518848,f0,slip,medium,0.26,4.0,True
37,9.773936384,f0,slip,medium,0.11,4.0,True
37,10.367645184,f1,slip,medium,0.23,3.0,False
37,10.731478784,f0,place,high,0.03,0.0,False
37,10.764938496,f0,release,high,,0.0,False
37,4.2232147,f0,background,,,7.0,True
37,3.5078604,f0,background,,,7.0,True
37,1.2187855,f1,background,,,7.0,True
37,2.8472364,f1,background,,,3.0,False
38,4.210784768,f0,contact_onset,high,,0.0,False
38,4.210784768,f1,slip,high,0.2,0.0,False
38,4.386486016,f0,place,medium,0.3,0.0,False
38,4.507658752,f0,grasp_stable,medium,,0.0,False
38,4.705534976,f0,slip,medium,0.11,0.0,False
38,6.370258176,f0,release,high,,0.0,False
38,6.43664,f1,slip,high,0.12,0.0,False
38,7.743356928,f1,drop,low,,6.0,True
38,5.373046434,f0,background,,,3.0,False
38,7.867346434,f0,background,,,7.0,True
38,1.045372834,f1,background,,,5.0,True
38,7.008444634,f1,background,,,4.0,True
39,4.380029696,f0,contact_onset,high,,0.0,False
39,4.390555904,f1,slip,high,0.13,0.0,False
39,4.687447296,f1,grasp_stable,high,,0.0,False
39,4.797662976,f0,slip,high,0.11,1.0,False
39,5.097891072,f0,grasp_stable,medium,,1.0,False
39,5.271510784,f1,slip,medium,0.26,0.0,False
39,5.633815296,f0,drop,medium,,3.0,False
39,5.711189504,f1,drop,high,,0.0,False
39,5.766331136,f1,slip,high,0.13,1.0,False
39,8.5391801,f0,background,,,7.0,True
39,6.2714097,f0,background,,,7.0,True
39,6.785035,f1,background,,,2.0,False
39,10.2944339,f1,background,,,6.0,True
40,3.308795648,f0,contact_onset,high,,0.0,False
40,3.400806656,f1,contact_onset,high,,0.0,False
40,3.517650432,f0,slip,medium,0.41,0.0,False
40,3.672944384,f0,grasp_stable,medium,,0.0,False
40,3.727478016,f1,grasp_stable,medium,,1.0,False
40,4.089586176,f0,slip,high,0.15,0.0,False
40,4.377152,f0,slip,medium,0.26,2.0,False
40,4.387188224,f0,place,medium,0.3,2.0,False
40,5.80813824,f1,slip,medium,0.34,3.0,False
40,6.202279168,f0,slip,medium,0.18,4.0,True
40,6.202279168,f0,place,medium,0.3,4.0,True
40,6.6102592,f1,slip,medium,0.35,0.0,False
40,6.819091968,f0,release,high,,4.0,True
40,8.689788672,f1,place,medium,0.3,3.0,False
40,8.744778496,f1,drop,low,,3.0,False
40,1.6165896,f0,background,,,7.0,True
40,7.404794,f0,background,,,7.0,True
40,4.3450886,f1,background,,,2.0,False
40,2.7827561,f1,background,,,5.0,True
41,3.40051328,f0,contact_onset,high,,0.0,False
41,3.444179712,f1,contact_onset,high,,0.0,False
41,3.653901312,f1,slip,medium,0.17,0.0,False
41,3.741976576,f0,grasp_stable,medium,,0.0,False
41,3.866685696,f1,grasp_stable,medium,,1.0,False
41,3.973212416,f0,slip,medium,0.14,4.0,True
41,5.942710016,f0,place,medium,0.13,0.0,False
41,6.06824448,f0,release,high,,0.0,False
41,6.65856768,f1,place,medium,0.3,3.0,False
41,7.335036672,f1,drop,low,,6.0,True
41,5.0050827,f0,background,,,4.0,True
41,1.4366193,f0,background,,,7.0,True
41,6.0903542,f1,background,,,0.0,False
41,5.3531022,f1,background,,,2.0,False
41,6.65856768,f1,sensor_residual,medium,,3.0,False
41,7.335036672,f1,sensor_residual,medium,,6.0,True
42,4.312539136,f0,contact_onset,high,,0.0,False
42,4.32353792,f1,contact_onset,high,,0.0,False
42,4.64300672,f0,grasp_stable,medium,,0.0,False
42,4.786247424,f1,slip,medium,0.12,0.0,False
42,5.17135232,f1,grasp_stable,medium,,0.0,False
42,5.391081984,f1,slip,medium,0.3,4.0,True
42,7.332440064,f1,slip,medium,0.11,4.0,True
42,8.099072256,f0,release,high,,0.0,False
42,9.705483008,f1,drop,low,,4.0,True
42,9.573569134,f0,background,,,7.0,True
42,1.769764634,f0,background,,,7.0,True
42,8.876860334,f1,background,,,4.0,True
42,8.732997034,f1,background,,,4.0,True
43,4.257902336,f1,contact_onset,high,,0.0,False
43,4.36878336,f0,slip,high,0.19,0.0,False
43,4.466996992,f1,slip,medium,0.1,0.0,False
43,4.654779392,f1,grasp_stable,medium,,2.0,False
43,5.843663872,f1,slip,medium,0.15,2.0,False
43,8.076400384,f1,slip,medium,0.11,6.0,True
43,8.759333632,f1,place,high,0.1,0.0,False
43,8.80346752,f0,place,high,0.03,3.0,False
43,8.813980416,f0,slip,high,0.13,2.0,False
43,8.836561152,f0,release,high,,1.0,False
43,8.858131456,f1,release,high,,0.0,False
43,10.491091167,f0,background,,,3.0,False
43,3.426647567,f0,background,,,4.0,True
43,0.608952567,f1,background,,,4.0,True
43,1.935137067,f1,background,,,7.0,True
44,3.47676928,f1,contact_onset,high,,0.0,False
44,3.487858432,f0,contact_onset,high,,0.0,False
44,3.85098752,f0,grasp_stable,medium,,0.0,False
44,3.85098752,f1,grasp_stable,medium,,3.0,False
44,8.241805056,f0,place,medium,0.3,3.0,False
44,8.341228288,f1,place,medium,0.3,1.0,False
44,8.506151424,f1,slip,medium,0.11,0.0,False
44,8.627008512,f1,release,high,,0.0,False
44,8.88,f0,release,medium,,1.0,False
44,4.746684134,f0,background,,,6.0,True
44,1.269422934,f0,background,,,7.0,True
44,7.025272834,f1,background,,,5.0,True
44,1.258279934,f1,background,,,7.0,True
45,6.471457792,f1,contact_onset,high,,0.0,False
45,6.5151168,f0,contact_onset,high,,0.0,False
45,6.81285248,f0,grasp_stable,medium,,0.0,False
45,6.856384512,f1,grasp_stable,medium,,0.0,False
45,7.308315648,f1,slip,high,0.16,0.0,False
45,7.318781952,f0,drop,low,,0.0,False
45,7.373604864,f1,place,high,0.3,0.0,False
45,7.565880576,f1,drop,low,,0.0,False
45,8.5121986,f0,background,,,7.0,True
45,7.8300364,f0,background,,,4.0,True
45,3.6590793,f1,background,,,7.0,True
45,3.6698297,f1,background,,,7.0,True
46,3.519950592,f1,contact_onset,high,,0.0,False
46,3.53348352,f0,contact_onset,high,,0.0,False
46,3.894062336,f0,grasp_stable,medium,,0.0,False
46,3.894062336,f1,grasp_stable,medium,,0.0,False
46,8.042789888,f1,place,medium,0.3,2.0,False
46,8.274476032,f1,slip,high,0.14,0.0,False
46,8.53884416,f0,place,medium,0.3,0.0,False
46,8.60502272,f0,place,high,0.1,0.0,False
46,8.682199808,f1,release,high,,0.0,False
46,8.7037504,f0,release,high,,0.0,False
46,11.854038434,f0,background,,,7.0,True
46,2.510631434,f0,background,,,7.0,True
46,6.870659034,f1,background,,,1.0,False
46,7.451751634,f1,background,,,1.0,False
47,3.98049408,f1,contact_onset,medium,,0.0,False
47,4.212311296,f1,slip,medium,0.47,0.0,False
47,4.574685184,f1,drop,low,,0.0,False
47,8.271696128,f1,contact_onset,medium,,1.0,False
47,8.39257344,f0,slip,high,0.13,0.0,False
47,8.535590656,f1,slip,medium,0.11,0.0,False
47,8.82217344,f1,grasp_stable,medium,,0.0,False
47,14.521251584,f0,place,high,0.09,0.0,False
47,14.543780352,f1,place,high,0.07,3.0,False
47,14.55477888,f1,slip,high,0.11,4.0,True
47,14.609819648,f0,release,high,,0.0,False
47,14.609819648,f1,release,high,,2.0,False
47,13.6764455,f0,background,,,5.0,True
47,9.0768371,f0,background,,,5.0,True
47,16.2618842,f1,background,,,7.0,True
47,2.6410439,f1,background,,,7.0,True
48,7.053706752,f1,contact_onset,high,,0.0,False
48,7.087122432,f0,contact_onset,high,,0.0,False
48,7.262388992,f1,slip,high,0.24,0.0,False
48,7.505216768,f0,grasp_stable,medium,,0.0,False
48,7.537905664,f1,grasp_stable,medium,,2.0,False
48,8.451555072,f1,slip,medium,0.11,2.0,False
48,8.61711744,f1,slip,medium,0.15,2.0,False
48,9.65149312,f1,slip,high,0.16,0.0,False
48,10.102395904,f1,slip,medium,0.11,1.0,False
48,12.138476032,f1,slip,high,0.15,0.0,False
48,12.183033856,f1,drop,low,,0.0,False
48,12.204642304,f0,drop,high,,0.0,False
48,13.032140267,f0,background,,,7.0,True
48,11.624367867,f0,background,,,3.0,False
48,4.976392467,f1,background,,,7.0,True
48,2.875379467,f1,background,,,7.0,True
49,4.369275136,f1,contact_onset,medium,,0.0,False
49,4.379290112,f0,contact_onset,medium,,0.0,False
49,4.577942528,f1,slip,medium,0.14,0.0,False
49,4.610843392,f0,slip,medium,0.13,0.0,False
49,4.610843392,f1,drop,low,,0.0,False
49,4.632326656,f0,drop,low,,0.0,False
49,7.537477632,f1,contact_onset,high,,0.0,False
49,7.548577024,f0,contact_onset,high,,0.0,False
49,7.867362048,f1,grasp_stable,medium,,0.0,False
49,8.032566528,f0,grasp_stable,medium,,0.0,False
49,9.07840128,f0,slip,high,0.2,0.0,False
49,9.924902912,f0,slip,medium,0.22,2.0,False
49,12.687259904,f1,slip,medium,0.18,3.0,False
49,13.33603584,f0,slip,high,0.14,0.0,False
49,13.358036224,f1,slip,high,0.16,0.0,False
49,13.369554688,f0,release,high,,0.0,False
49,13.40223104,f1,place,high,0.3,0.0,False
49,13.413143296,f1,release,high,,0.0,False
49,6.2868277,f0,background,,,7.0,True
49,1.7355264,f0,background,,,7.0,True
49,2.2709626,f1,background,,,7.0,True
49,12.1301572,f1,background,,,4.0,True
51,4.03401472,f1,contact_onset,medium,,2.0,False
51,4.243835904,f1,slip,medium,0.08,3.0,False
51,4.617449472,f0,contact_onset,high,,0.0,False
51,4.617449472,f1,slip,high,0.17,0.0,False
51,4.970387968,f0,grasp_stable,medium,,0.0,False
51,4.970387968,f1,grasp_stable,medium,,0.0,False
51,5.751109632,f1,slip,high,0.11,0.0,False
51,5.98157952,f1,slip,medium,0.11,0.0,False
51,6.575976192,f0,place,medium,0.3,4.0,True
51,6.575976192,f1,place,medium,0.3,0.0,False
51,6.719461632,f1,slip,high,0.47,0.0,False
51,7.568642304,f0,place,high,0.3,0.0,False
51,7.568642304,f1,place,high,0.3,0.0,False
51,7.621266688,f0,release,high,,0.0,False
51,7.70943872,f1,release,high,,0.0,False
51,2.869274067,f0,background,,,6.0,True
51,8.711337067,f0,background,,,7.0,True
51,3.056209467,f1,background,,,7.0,True
51,1.658335467,f1,background,,,7.0,True
52,4.21489408,f1,contact_onset,high,,0.0,False
52,4.225854208,f0,contact_onset,high,,0.0,False
52,4.523678208,f1,grasp_stable,medium,,1.0,False
52,4.577719808,f0,grasp_stable,medium,,0.0,False
52,9.376368384,f0,place,medium,0.3,0.0,False
52,9.376368384,f1,place,medium,0.3,1.0,False
52,9.442448896,f0,place,high,0.09,0.0,False
52,9.508425472,f1,slip,high,0.14,0.0,False
52,9.53256576,f0,release,high,,0.0,False
52,9.541050624,f1,release,high,,0.0,False
52,10.713403234,f0,background,,,7.0,True
52,10.548177334,f0,background,,,7.0,True
52,8.181683434,f1,background,,,7.0,True
52,6.046075134,f1,background,,,7.0,True
53,6.548781056,f1,contact_onset,high,,0.0,False
53,6.570633216,f0,contact_onset,high,,0.0,False
53,6.901978624,f0,grasp_stable,medium,,2.0,False
53,6.93549184,f1,grasp_stable,medium,,1.0,False
53,7.18656256,f1,slip,medium,0.15,0.0,False
53,9.805913856,f0,place,medium,0.3,5.0,True
53,10.048084992,f1,slip,high,0.29,0.0,False
53,10.125957632,f1,place,high,0.84,0.0,False
53,10.74197632,f1,slip,high,0.33,1.0,False
53,10.808099584,f0,place,high,0.3,0.0,False
53,10.808099584,f1,place,high,0.3,0.0,False
53,10.8518016,f0,release,high,,0.0,False
53,10.962093056,f1,release,medium,,0.0,False
53,1.575350634,f0,background,,,7.0,True
53,4.030163934,f0,background,,,7.0,True
53,8.905251734,f1,background,,,5.0,True
53,12.009231034,f1,background,,,7.0,True
54,4.171058688,f1,contact_onset,high,,0.0,False
54,4.181060864,f0,contact_onset,high,,0.0,False
54,4.52223744,f1,grasp_stable,medium,,0.0,False
54,4.566267392,f0,grasp_stable,medium,,3.0,False
54,8.20874368,f1,place,high,0.08,0.0,False
54,8.242117632,f0,place,high,0.3,0.0,False
54,8.242117632,f1,place,high,0.3,0.0,False
54,8.252122624,f0,slip,high,0.15,0.0,False
54,8.285650688,f1,release,high,,0.0,False
54,8.298159616,f0,release,high,,1.0,False
54,0.874882067,f0,background,,,7.0,True
54,7.015362567,f0,background,,,5.0,True
54,0.501814367,f1,background,,,7.0,True
54,2.305816067,f1,background,,,1.0,False
55,4.666461696,f0,contact_onset,high,,0.0,False
55,4.666461696,f1,contact_onset,high,,0.0,False
55,5.0173952,f1,grasp_stable,medium,,0.0,False
55,5.028902144,f0,grasp_stable,medium,,0.0,False
55,6.437438464,f1,slip,high,0.24,1.0,False
55,7.34039552,f1,slip,high,0.42,0.0,False
55,7.34039552,f1,place,high,0.31,0.0,False
55,7.362918912,f0,place,high,0.12,0.0,False
55,7.483031552,f0,release,high,,0.0,False
55,7.60427136,f1,place,medium,0.3,0.0,False
55,7.648356096,f1,release,medium,,0.0,False
55,5.608478667,f0,background,,,6.0,True
55,6.236154567,f0,background,,,4.0,True
55,9.547635067,f1,background,,,7.0,True
55,8.425036467,f1,background,,,7.0,True
56,5.127826688,f1,contact_onset,medium,,0.0,False
56,5.36980352,f1,slip,medium,0.44,0.0,False
56,5.468267776,f1,grasp_stable,medium,,0.0,False
56,6.282680576,f1,slip,medium,0.26,0.0,False
56,6.811403776,f1,release,medium,,0.0,False
56,9.035607296,f1,contact_onset,medium,,0.0,False
56,9.408055296,f1,grasp_stable,medium,,0.0,False
56,9.749730816,f0,contact_onset,high,,0.0,False
56,10.069137408,f0,slip,medium,0.11,0.0,False
56,10.343533312,f0,grasp_stable,medium,,2.0,False
56,11.336306176,f1,slip,high,0.11,0.0,False
56,11.818123008,f1,slip,medium,0.11,2.0,False
56,13.00668544,f0,place,high,0.3,0.0,False
56,13.00668544,f1,place,high,0.3,0.0,False
56,13.017668608,f1,place,high,0.1,0.0,False
56,13.028674048,f1,slip,high,0.2,0.0,False
56,13.039703296,f0,place,high,0.13,0.0,False
56,13.116887296,f1,release,high,,0.0,False
56,13.171672064,f0,release,high,,0.0,False
56,6.7578081,f0,background,,,2.0,False
56,6.0358443,f0,background,,,0.0,False
56,4.293034,f1,background,,,7.0,True
56,0.6165793,f1,background,,,7.0,True
57,4.895677184,f1,contact_onset,high,,0.0,False
57,4.90739072,f0,contact_onset,high,,0.0,False
57,5.270117888,f0,grasp_stable,medium,,0.0,False
57,5.292125184,f1,grasp_stable,medium,,0.0,False
57,8.703399936,f1,place,medium,0.3,1.0,False
57,9.396710656,f0,place,high,0.11,2.0,False
57,9.430104832,f1,slip,high,0.14,0.0,False
57,9.441672704,f0,place,high,0.3,0.0,False
57,9.441672704,f1,place,high,0.3,0.0,False
57,9.463631104,f1,release,high,,0.0,False
57,9.50796032,f0,release,high,,0.0,False
57,7.0861103,f0,background,,,5.0,True
57,0.8026861,f0,background,,,4.0,True
57,0.6270218,f1,background,,,7.0,True
57,0.4621385,f1,background,,,7.0,True
58,4.00158464,f0,contact_onset,high,,0.0,False
58,4.00158464,f1,contact_onset,high,,0.0,False
58,4.334775552,f1,grasp_stable,medium,,1.0,False
58,4.342773504,f0,grasp_stable,medium,,2.0,False
58,6.807693312,f0,place,medium,0.3,0.0,False
58,6.807693312,f1,place,medium,0.3,2.0,False
58,6.907012096,f0,place,high,0.1,0.0,False
58,6.97307392,f1,release,high,,0.0,False
58,7.006902528,f0,release,high,,0.0,False
58,5.489460467,f0,background,,,5.0,True
58,1.770322967,f0,background,,,2.0,False
58,7.997322367,f1,background,,,7.0,True
58,7.788185467,f1,background,,,7.0,True
59,6.007778304,f0,contact_onset,high,,0.0,False
59,6.007778304,f1,contact_onset,high,,0.0,False
59,6.3270784,f1,grasp_stable,medium,,1.0,False
59,6.360396544,f0,grasp_stable,medium,,2.0,False
59,9.5734272,f1,slip,medium,0.29,0.0,False
59,9.672551168,f0,place,high,0.3,0.0,False
59,9.672551168,f1,place,high,0.3,0.0,False
59,9.705779712,f0,place,high,0.07,0.0,False
59,9.705779712,f1,place,high,0.04,0.0,False
59,9.749940992,f1,release,high,,0.0,False
59,9.772505856,f0,release,high,,0.0,False
59,12.196296434,f0,background,,,7.0,True
59,12.361654234,f0,background,,,7.0,True
59,7.981188334,f1,background,,,7.0,True
59,10.820092634,f1,background,,,7.0,True
