ep,fg,t,dcop,djaw,dgrip,fires
0,f1,5.371,3.822644444444445,-9.78464868665237,0.6499999999999986,False
1,f0,6.268389375999998,-2.659346666666666,-18.326231350849973,5.899999999999998,False
1,f1,7.268389375999995,-3.3389596292704553,-0.3649635314941406,13.350000000000001,False
2,f0,6.438051583999999,2.1547333333333327,-18.009859867364028,4.100000000000001,False
3,f0,5.103052287999997,-2.655842864030858,-10.430208054552043,-2.2000000000000024,False
4,f0,4.638249215999998,3.001455844155843,-17.47049703040954,6.600000000000002,False
5,f1,5.735916544,-6.038081286919834,-18.158216343941902,2.3000000000000016,False
6,f1,4.766787583999999,-2.865473717948719,-9.048188713679355,5.200000000000002,False
7,f1,4.700134399999998,-2.946063333333334,-0.43412443421647495,-1.4000000000000008,False
9,f1,4.210782720000001,-2.806132738095238,0.14598655700683594,-1.8000000000000012,False
12,f1,5.666666793823241,-2.6614437500000037,-14.45256723262004,6.400000000000003,False
13,f1,4.137843456,-12.827636904761906,-28.301414438703034,0.2,False
14,f1,4.472718848000001,2.1903146198830403,-10.59762047638688,4.900000000000002,False
15,f0,4.033345792,2.069049999999999,-21.459773297376707,4.200000000000001,False
15,f1,5.333345792000001,3.9287357471264355,0.0,-4.3,False
16,f0,6.136258304000003,2.7385172955974832,-13.17965326526786,3.3000000000000016,False
16,f1,6.536258304000003,3.0747818803418774,-12.383141255244986,6.600000000000002,False
17,f1,4.408748800000001,2.8377089552238797,-14.64873570362024,6.600000000000002,False
17,f0,4.9087488000000015,2.3381147299508993,-13.219919487196155,2.100000000000001,False
18,f1,3.4709708800000003,-5.704361742424243,-13.927370178173373,6.000000000000002,False
19,f1,3.267854592,-13.103207142857144,-34.67402125323218,2.8000000000000003,False
19,f0,4.067854592000001,2.343429787234042,-14.011998496695014,2.9000000000000012,False
20,f1,3.7347025920000005,3.094012499999999,-17.19130981044229,3.800000000000001,False
21,f1,8.00184115199999,-6.462876027140498,-0.2798758199166471,-4.400000000000002,False
22,f1,6.3000001907348615,-4.997240404040406,-21.021899223327864,3.800000000000001,False
22,f0,6.60000019073486,-3.31727518939394,5.693446235964895,1.6999999999999997,True
23,f0,8.033333778381346,-8.3116,-0.2919712066652327,1.6,False
23,f0,10.233333778381338,-2.4699202380952388,5.109489440917969,-1.0,True
24,f1,5.2333332061767575,-3.6375226190476186,-18.321173674969117,0.0,False
25,f1,8.707067903999988,2.6307045454545444,-10.270000381985213,2.3000000000000007,False
25,f0,8.907067903999987,-7.40273277777778,-7.485003971012716,1.2000000000000008,False
26,f1,4.43333282470703,4.188174621212119,-19.12414801301321,6.600000000000003,False
26,f0,4.733332824707029,-7.618471978021972,-2.9197652619918912,-2.300000000000002,False
27,f1,6.738042879999998,-7.018639685314685,-19.960373976684693,-0.7000000000000006,False
27,f0,7.338042879999996,-4.447421666666666,-0.9600177128765921,0.40000000000000013,False
28,f1,6.233334064483639,-6.191875892857144,-5.620437622070437,2.3000000000000003,False
28,f1,8.73333406448363,2.4093766666666667,-5.547446341420699,1.2000000000000006,False
28,f1,11.133334064483622,3.70413642105263,1.8794693090740111e-06,1.2000000000000006,False
29,f1,5.436572415999999,2.154430092592591,-28.687266256144902,5.200000000000002,False
30,f1,6.533333873748777,-9.261156084656083,-33.795508749820456,-0.20000000000000018,False
31,f0,9.76666584014892,-6.716708333333333,5.474400947139774,0.5999999999999999,True
31,f1,9.76666584014892,-7.071649940476191,5.474400947139774,-1.3999999999999981,True
32,f1,5.566667175292965,2.357276000000006,-25.109491974768826,-5.000000000000002,False
32,f1,7.666667175292957,-6.535125084175088,-13.357616494791262,-1.0,False
32,f0,8.066667175292956,-11.12933461538461,-0.3649635314941406,-2.2000000000000015,False
33,f1,4.772600576,-5.366070588235291,-14.387586308345334,0.9000000000000004,False
33,f0,4.972600576000001,-9.978274810606058,-4.711669974589,-2.600000000000002,False
34,f0,4.811759616000002,-13.103458333333329,-3.0186421426838237,-3.200000000000002,False
35,f1,4.600000190734862,-13.714453361344535,-21.678819224774635,1.5999999999999999,False
36,f0,5.166666793823241,-12.814119387755103,-12.846730545295479,-0.40000000000000013,False
37,f0,5.176156159999999,-13.730839772727268,-31.609538598097338,1.5999999999999999,False
37,f1,5.276156159999998,2.978053749999999,-22.317579396966018,4.600000000000002,False
37,f0,8.276156159999989,2.107295833333334,0.0,0.8,False
38,f0,4.434961919999998,-12.280072222222218,-0.7957853156185699,-3.6000000000000023,False
40,f0,3.3346816,-11.310723344155843,-2.2302900392006144,-1.4,False
41,f0,3.7050536960000007,-3.66408796992481,-8.991290429136331,0.3999999999999999,False
41,f1,3.8050536960000008,-3.648585714285713,-6.330349751618202,-1.2000000000000006,False
42,f0,4.400000047683717,-9.80971923076923,-1.6788324578859743,0.3999999999999999,False
43,f1,5.338682111999995,2.656212710860014,-0.5109500885009766,-9.699999999999996,False
45,f1,6.668667904000003,7.062765838896304,-16.33283856854445,-21.15,False
48,f1,8.699999809265128,4.1652441791044765,-1.6058387756347479,-27.700000000000003,False
48,f0,10.099999809265123,3.281398744164332,-0.21897762889218342,0.0,False
48,f1,11.299999809265119,-3.6220539915966405,2.5547447204589844,-8.399999999999999,True
49,f0,7.499999809265136,8.513881209150329,-6.715338240730706,3.4,False
49,f1,7.499999809265136,8.191658095238097,-6.715338240730706,10.1,False
53,f1,9.66666707992552,3.7497313322983157,4.598539352416992,-9.5,True
56,f1,5.736252927999999,4.85403285714286,12.609591452229292,-3.200000000000002,True
56,f1,9.036252927999987,-11.46863580290677,-26.277374267578125,-1.2,False
58,f0,3.8003051520000004,-6.342084972677596,-19.244674671737556,18.099999999999998,False
