ep,fg,net_mm,rho,grip_d,dur_s,n_slips,abs_mm
34,f0,-12.650410500000001,-0.4916618372409049,-2.8000000000000003,2.4334423999999997,1,12.650410500000001
37,f0,-12.087841071428572,-0.20077052839076967,-2.4,4.6218072999999995,7,12.087841071428572
33,f0,-9.942356072899377,-0.3484429748251112,-2.4000000000000004,3.7261617000000005,4,9.942356072899377
32,f0,-9.135293716767103,-0.23110931676909255,-2.2,4.1891072000000005,2,9.135293716767103
36,f0,-9.114297115384614,-0.7246606859580106,-2.9,2.836372000000001,1,9.114297115384614
48,f1,7.7759433346395,0.9680869781416261,-35.25,4.666783199999999,5,7.7759433346395
21,f1,-5.34295185185185,-0.44960846023504325,-3.0,4.764202099999999,4,5.34295185185185
32,f1,-5.24299878169014,-0.4383373124500833,-2.1999999999999993,4.1891072000000005,2,5.24299878169014
42,f0,-4.761889999999999,-0.1675536655630691,0.0,3.2795527,0,4.761889999999999
49,f0,-4.132331845841785,-0.5590737100111651,2.8000000000000016,4.6873813,2,4.132331845841785
43,f1,3.9561231299048463,0.9636396024619491,-26.7,4.0381527,2,3.9561231299048463
48,f0,3.7296377636057345,0.894342722988911,-1.4500000000000028,4.4131830999999995,0,3.7296377636057345
28,f1,3.473893758241758,0.6581295212578285,1.4,5.237830100000001,4,3.473893758241758
1,f1,-3.1900619999999993,-0.10263341984429084,11.55,5.7867382,3,3.1900619999999993
9,f1,-2.8038735000000004,-0.23582527772018688,-1.7999999999999998,2.5312022999999995,0,2.8038735000000004
16,f0,2.7644621794871784,0.7586478740590559,2.8000000000000007,1.8256682,0,2.7644621794871784
19,f0,2.343429787234042,0.40781493524012097,2.500000000000001,1.9915956000000001,0,2.343429787234042
31,f1,-2.3204064285714265,-0.78722966733686,-2.0,2.2543752999999995,0,2.3204064285714265
17,f0,2.276215886287625,0.34027872605475,2.0,3.851924200000001,0,2.276215886287625
24,f0,-2.2747625,-0.08652608054989537,0.19999999999999996,4.5765023000000005,1,2.2747625
27,f1,-2.0310860553697507,-0.41005402883812636,-0.40000000000000036,3.301186499999999,4,2.0310860553697507
23,f0,-1.9059999999999995,0.1297601797580456,-1.9000000000000006,3.4549038000000003,4,1.9059999999999995
35,f1,-1.8529047619047616,-0.30691685513770744,0.0,3.6199699,6,1.8529047619047616
42,f1,-1.642669230769231,-0.4160938691981521,0.20000000000000018,3.2795527,3,1.642669230769231
41,f0,-1.6246803203661315,-0.6574517474446419,0.45000000000000107,1.9811081000000001,1,1.6246803203661315
30,f0,-1.5918020833333328,-0.5886819776303295,-0.8000000000000007,2.3541770999999994,2,1.5918020833333328
18,f1,-1.3948772468759292,-0.37753043103279177,-2.1000000000000005,2.8389879999999996,0,1.3948772468759292
37,f1,1.3534986742424238,0.19645144422594424,0.8000000000000016,4.6218072999999995,0,1.3534986742424238
17,f1,1.3407280566207995,0.4882385915484689,3.750000000000001,3.851924200000001,7,1.3407280566207995
15,f0,-1.308602287581699,-0.8758020620899949,-0.25000000000000133,3.1806264000000004,1,1.308602287581699
22,f1,-1.2724164251207726,-0.24177185173296672,-2.6000000000000005,2.511037,4,1.2724164251207726
23,f1,-1.2550304347826078,-0.2162675891431725,-1.4000000000000004,3.4549038000000003,7,1.2550304347826078
33,f1,-1.194481666666666,-0.14924055566937813,-1.0,3.2340224000000006,0,1.194481666666666
55,f1,1.191812966212109,0.985765615176942,25.200000000000003,2.2123488,1,1.191812966212109
15,f1,1.0846017822549419,0.45273510009654816,3.099999999999995,3.1806264000000004,3,1.0846017822549419
16,f1,1.0703153782894739,0.5057516627915061,2.9,1.8256682,1,1.0703153782894739
20,f0,-1.034663071139387,-0.3484663708017675,-1.25,1.8153952999999996,4,1.034663071139387
36,f1,-1.0126333333333333,-0.7184099488071564,-1.2000000000000002,2.836372000000001,0,1.0126333333333333
25,f0,-0.9936560784313725,-0.2572575855564201,-0.39999999999999947,4.565811799999999,3,0.9936560784313725
40,f0,-0.8825142857142855,-0.27915538174637566,-0.3999999999999999,2.8717872,3,0.8825142857142855
49,f1,0.8506749507949074,0.7362829029086657,-3.200000000000001,4.6873813,1,0.8506749507949074
27,f0,-0.7662128787878786,-0.6183673702986916,-0.40000000000000036,3.301186499999999,0,0.7662128787878786
53,f0,0.760698689974043,0.09733518170477247,-3.5999999999999996,3.8289105,0,0.760698689974043
31,f0,-0.5913285714285714,-0.566226558408956,-0.8000000000000007,2.2543752999999995,0,0.5913285714285714
0,f1,0.5485888897525175,-0.1472027590471142,-2.299999999999999,3.6860502000000013,1,0.5485888897525175
21,f0,-0.5054193277310919,-0.22682614927368902,1.7000000000000008,4.522065199999999,0,0.5054193277310919
40,f1,0.5018036324786324,-0.10611238517851644,0.0,2.9480224,2,0.5018036324786324
41,f1,-0.4972812631578942,-0.43187771603290365,-0.3999999999999999,1.9811081000000001,0,0.4972812631578942
46,f1,0.4402384444056626,0.9865481836356748,-19.85000000000001,4.633533999999999,1,0.4402384444056626
3,f1,-0.41873600217864926,0.28662227821778646,-0.09999999999999964,4.4146197,1,0.41873600217864926
22,f0,-0.4146701923076922,-0.4716881363166813,0.0,1.9365935000000007,4,0.4146701923076922
54,f1,0.4018233525964423,0.012342097856182828,0.2000000000000064,3.6096240999999996,0,0.4018233525964423
7,f1,-0.39305333333333314,-0.3019879474146362,-0.6000000000000005,2.6303115999999997,0,0.39305333333333314
20,f1,-0.3545448801198807,-0.4020886162452381,-4.2,1.8153952999999996,2,0.3545448801198807
13,f1,0.33911944444444453,0.06908016825558369,-0.6000000000000003,2.0350810999999993,5,0.33911944444444453
5,f1,-0.33529688062875707,-0.33774328447030266,-0.3000000000000007,3.7195694,2,0.33529688062875707
51,f0,-0.32125746981891345,-0.7109002307959303,-11.85,2.5519575999999997,0,0.32125746981891345
58,f0,-0.32031489471422425,-0.5702896738578235,11.3,2.427743199999999,0,0.32031489471422425
26,f1,0.31891675355707694,0.139460894452973,0.40000000000000036,3.3007712,0,0.31891675355707694
26,f0,-0.3136143589743581,-0.06427474394141905,-0.40000000000000036,3.3007712,0,0.3136143589743581
43,f0,0.2699209633576071,0.7723210792478965,6.449999999999999,3.2242886000000004,0,0.2699209633576071
30,f1,-0.23596992374727854,-0.31046164373168356,-1.9999999999999996,2.3541770999999994,6,0.23596992374727854
47,f0,-0.2100794366197184,0.03631787983456007,0.1999999999999993,5.719829799999999,0,0.2100794366197184
28,f0,0.2048729166666664,0.46513821864477034,0.20000000000000018,5.237830100000001,0,0.2048729166666664
51,f1,-0.20063040730337062,-0.3942619287040269,-24.700000000000003,1.7712357999999995,3,0.20063040730337062
3,f0,-0.19554665572860452,0.11216007567993351,2.599999999999998,4.4146197,4,0.19554665572860452
44,f0,0.1557674803693631,-0.15497221316864337,-3.3999999999999986,4.842842399999999,0,0.1557674803693631
46,f0,0.1482158587175536,0.7724571239252164,-2.4499999999999993,4.633533999999999,0,0.1482158587175536
53,f1,0.14217169434520416,0.3915505254471649,-21.599999999999994,3.8289105,3,0.14217169434520416
35,f0,0.1377339285714286,-0.28960309185959865,-0.20000000000000018,3.6012309999999994,4,0.1377339285714286
29,f1,-0.12540827759197448,-0.19423330617959358,0.20000000000000018,3.4654875,1,0.12540827759197448
6,f0,0.12041346801346764,-0.031662642165296136,-0.6000000000000001,2.0237511999999995,0,0.12041346801346764
34,f1,0.10449821428571449,-0.18067031511251547,0.39999999999999947,2.3786712999999997,4,0.10449821428571449
29,f0,-0.10187736263736269,0.12923813163673484,-0.10000000000000009,3.4654875,0,0.10187736263736269
55,f0,-0.09748047104977686,-0.7811689716845248,7.049999999999999,2.2123488,0,0.09748047104977686
57,f1,0.09666154822823314,0.8271216935749801,-25.1,4.0609587,0,0.09666154822823314
4,f0,0.07192604718343798,0.7881092755625003,-0.5,3.2681335000000002,0,0.07192604718343798
2,f0,0.06907864779874195,0.07977581308274326,-0.5999999999999988,2.1669039000000003,1,0.06907864779874195
18,f0,-0.05397519964507458,-0.35435174043498724,-0.1999999999999993,2.8389879999999996,0,0.05397519964507458
56,f1,-0.03816966647172304,-0.42926754984695875,9.8,1.593678800000001,2,0.03816966647172304
19,f1,-0.03301546201814087,-0.08990973230474036,-0.14999999999999947,1.8267742999999994,0,0.03301546201814087
14,f1,0.02834086509376954,0.561843592673728,-0.10000000000000053,2.5201580999999997,1,0.02834086509376954
1,f0,0.01897584348318193,0.40830136182784055,3.3000000000000007,5.7867382,1,0.01897584348318193
47,f1,0.01754738704819281,0.5630366569244515,-0.3999999999999986,4.9718743,0,0.01754738704819281
4,f1,0.017257479355627048,0.2477964412959212,-0.5500000000000025,3.2681335000000002,2,0.017257479355627048
54,f0,0.016881025641025615,-0.09282899365229443,-0.20000000000000018,3.6096240999999996,0,0.016881025641025615
0,f0,0.016815877016129188,0.314475296636673,-0.20000000000000018,3.6860502000000013,0,0.016815877016129188
59,f0,-0.014941376034082299,0.06905652860473277,0.09999999999999964,3.2573545,0,0.014941376034082299
8,f1,0.0145179459783904,-0.05078793361535561,-0.14999999999999947,2.6964964,0,0.0145179459783904
5,f0,0.009253441558441544,0.2623394380414793,-0.2999999999999998,3.7195694,0,0.009253441558441544
2,f1,0.008474219939117233,0.23589665094373635,0.09999999999999964,2.1669039000000003,0,0.008474219939117233
57,f0,0.008422288227825092,0.5014192197748478,0.049999999999998934,3.7090571999999993,0,0.008422288227825092
52,f0,0.004608054571691,0.29235649425468024,-0.4999999999999982,4.808670800000001,0,0.004608054571691
12,f0,0.004148852901484146,0.34816789925712205,-0.09999999999999964,2.9931815999999998,0,0.004148852901484146
58,f1,2.220446049250313e-16,0.8094918249445232,1.8,1.8787601,0,2.220446049250313e-16
24,f1,0.0,0.18075265545851604,0.0,4.6755427,1,0.0
25,f1,0.0,-0.07514008807193533,0.0,2.441999299999999,5,0.0
44,f1,0.0,-0.43814837807473045,0.0,3.5175975,1,0.0
38,f1,0.0,0.16201159502876727,0.0,1.5182542000000003,0,0.0
38,f0,0.0,-0.5832423205296459,0.0,1.5182542000000003,1,0.0
6,f1,0.0,-0.33285034004192765,-0.20000000000000018,2.0237511999999995,0,0.0
56,f0,0.0,0.17977876685312835,0.0,1.593678800000001,0,0.0
7,f0,0.0,0.13180641340231194,0.0,2.6303115999999997,0,0.0
8,f0,0.0,0.05383996163851521,0.0,2.6964964,0,0.0
9,f0,0.0,-0.26076662205434487,0.0,2.5312022999999995,0,0.0
14,f0,0.0,0.1852081996686655,0.0,2.5201580999999997,0,0.0
10,f0,0.0,-0.20086534508906756,0.0,3.047784700000001,0,0.0
10,f1,0.0,-0.09680233511781472,0.0,3.047784700000001,0,0.0
39,f0,0.0,-0.45593726309525073,0.0,0.3602616000000003,0,0.0
11,f0,0.0,-0.09496310769487108,0.0,2.5380778,0,0.0
11,f1,0.0,0.08253584670487145,0.0,2.5380778,0,0.0
12,f1,0.0,0.08492765052906785,0.0,2.9931815999999998,0,0.0
13,f0,0.0,-0.3121252416474526,0.0,2.2109637000000006,1,0.0
39,f1,0.0,-0.10211608821181772,0.0,0.3602616000000003,1,0.0
