cur,raw,raw_frames,cur_frames,start_cut,end_cut,start_s,end_s,kept_end_frame_raw,arm_onset,arm_end,speed_onset,speed_end,jaw_onset,jaw_end,load_onset,load_end,cur_t0,cur_frame0,vid_wrist_cur_from,vid_wrist_raw_from,vid_wrist_shift_vs_cut,vid_wrist_cur_len,vid_top_cur_from,vid_top_raw_from,vid_top_shift_vs_cut,vid_top_cur_len
0,0,631,471,160,0,5.333,0.0,630,157,585,157,579,158,595,318,475,0.0,0,5.333,0.0,0.0,15.7,5.333,0.0,0.0,15.7
1,1,736,504,156,76,5.2,2.533,659,188,687,187,688,270,692,343,668,-0.0,0,35.2,30.0,0.0,16.8,35.2,30.0,0.0,16.8
2,4,614,441,173,0,5.767,0.0,613,141,555,237,556,286,534,367,447,0.0,0,106.1,100.333,-0.0,14.7,106.1,100.333,-0.0,14.7
3,6,621,471,150,0,5.0,0.0,620,167,582,168,575,219,524,291,440,0.0,0,144.433,139.433,0.0,15.7,144.433,139.433,0.0,15.7
4,7,580,418,162,0,5.4,0.0,579,184,543,184,543,209,482,307,419,0.0,0,165.533,160.133,0.0,13.933,165.533,160.133,0.0,13.933
5,8,684,405,195,84,6.5,2.8,599,222,634,222,635,308,622,348,641,0.0,0,185.967,179.467,0.0,13.5,185.967,179.467,0.0,13.5
6,47,421,338,60,23,2.0,0.767,397,2,392,2,393,3,378,200,274,0.0,0,2.0,0.0,0.0,11.267,281.567,279.567,0.0,11.267
7,48,458,339,94,25,3.133,0.833,432,103,427,102,428,158,338,228,326,0.0,0,17.167,14.033,0.0,11.3,296.733,293.6,-0.0,11.3
8,49,423,321,69,33,2.3,1.1,389,47,384,47,387,177,301,184,286,-0.0,0,31.6,29.3,0.0,10.7,311.167,308.867,0.0,10.7
9,50,406,323,51,32,1.7,1.067,373,56,370,56,371,62,358,136,258,0.0,0,45.1,43.4,0.0,10.767,324.667,322.967,-0.0,10.767
10,51,516,408,78,30,2.6,1.0,485,90,484,90,483,116,366,222,328,-0.0,0,67.367,64.767,-0.0,13.6,346.933,344.333,0.0,13.6
11,52,392,307,53,32,1.767,1.067,359,60,362,60,363,117,275,170,261,-0.0,0,83.733,81.967,-0.0,10.233,363.3,361.533,-0.0,10.233
12,53,586,453,88,45,2.933,1.5,540,96,534,95,530,100,393,261,366,0.0,0,97.967,95.033,0.0,15.1,377.533,374.6,0.0,15.1
13,54,425,339,58,28,1.933,0.933,396,64,394,64,395,184,283,178,276,-0.0,0,116.5,114.567,0.0,11.3,396.067,394.133,0.0,11.3
14,55,430,325,62,43,2.067,1.433,386,58,384,56,384,134,297,191,278,-0.0,0,130.8,128.733,-0.0,10.833,410.367,408.3,-0.0,10.833
15,56,454,358,52,44,1.733,1.467,409,67,386,67,384,63,403,175,287,0.0,0,144.8,143.067,-0.0,11.933,424.367,422.633,0.0,11.933
16,57,522,417,66,39,2.2,1.3,482,3,473,2,474,80,474,147,318,0.0,0,160.4,158.2,-0.0,13.9,439.967,437.767,-0.0,13.9
17,58,508,403,59,46,1.967,1.533,461,70,461,70,462,73,336,189,317,0.0,0,177.567,175.6,0.0,13.433,457.133,455.167,-0.0,13.433
18,59,393,310,48,35,1.6,1.167,357,57,353,57,354,142,264,154,253,0.0,0,194.133,192.533,-0.0,10.333,473.7,472.1,0.0,10.333
19,60,414,306,73,35,2.433,1.167,378,87,372,87,373,122,273,173,258,0.0,0,208.067,205.633,0.0,10.2,487.633,485.2,0.0,10.2
20,61,418,298,89,31,2.967,1.033,386,96,383,95,385,192,282,204,274,0.0,0,222.4,219.433,0.0,9.933,501.967,499.0,-0.0,9.933
21,77,599,327,70,202,2.333,6.733,396,4,377,3,365,178,293,179,280,0.0,0,0.0,0.0,-2.333,10.9,0.0,0.0,-2.333,10.9
22,78,400,292,49,59,1.633,1.967,340,65,322,64,322,119,226,121,217,0.0,0,10.9,19.967,-10.7,9.733,10.9,19.967,-10.7,9.733
23,79,429,302,37,90,1.233,3.0,338,53,321,52,322,88,237,129,226,0.0,0,20.633,33.3,-13.9,10.067,20.633,33.3,-13.9,10.067
24,80,425,311,64,50,2.133,1.667,374,80,357,80,358,147,270,153,256,0.0,0,30.7,47.6,-19.033,10.367,30.7,47.6,-19.033,10.367
25,81,424,326,59,39,1.967,1.3,384,3,368,2,368,112,240,146,230,0.0,0,41.067,61.767,-22.667,10.867,41.067,61.767,-22.667,10.867
26,82,383,303,57,23,1.9,0.767,359,75,341,74,342,136,241,143,230,0.0,0,51.933,75.9,-25.867,10.1,51.933,75.9,-25.867,10.1
27,83,497,298,71,128,2.367,4.267,368,89,352,93,355,148,274,152,222,0.0,0,62.033,88.667,-29.0,9.933,62.033,88.667,-29.0,9.933
28,84,408,293,60,55,2.0,1.833,352,79,336,81,337,140,253,149,242,0.0,0,71.967,105.233,-35.267,9.767,71.967,105.233,-35.267,9.767
29,85,432,305,44,83,1.467,2.767,348,39,330,39,331,128,233,135,222,0.0,0,81.733,118.833,-38.567,10.167,81.733,118.833,-38.567,10.167
30,86,599,281,46,272,1.533,9.067,326,3,309,2,310,3,224,123,218,0.0,0,91.9,133.233,-42.867,9.367,91.9,133.233,-42.867,9.367
31,87,377,278,51,48,1.7,1.6,328,67,310,67,311,142,234,138,225,0.0,0,101.267,153.2,-53.633,9.267,101.267,153.2,-53.633,9.267
32,88,328,263,50,15,1.667,0.5,312,2,295,2,296,136,214,135,204,0.0,0,110.533,165.767,-56.9,8.767,110.533,165.767,-56.9,8.767
33,89,383,302,68,13,2.267,0.433,369,86,352,87,353,144,238,140,227,0.0,0,119.3,176.7,-59.667,10.067,119.3,176.7,-59.667,10.067
34,90,540,283,52,205,1.733,6.833,334,2,328,2,329,132,233,138,224,0.0,0,129.367,189.467,-61.833,9.433,129.367,189.467,-61.833,9.433
35,91,290,247,27,16,0.9,0.533,273,43,256,42,258,102,173,105,165,0.0,0,138.8,207.467,-69.567,8.233,138.8,207.467,-69.567,8.233
36,92,358,284,63,11,2.1,0.367,346,80,329,79,330,163,244,166,236,0.0,0,147.033,217.133,-72.2,9.467,147.033,217.133,-72.2,9.467
37,93,495,275,70,150,2.333,5.0,344,88,332,88,333,146,232,135,220,0.0,0,156.5,229.067,-74.9,9.167,156.5,229.067,-74.9,9.167
38,94,389,267,56,66,1.867,2.2,322,72,306,72,307,139,237,141,228,0.0,0,165.667,245.567,-81.767,8.9,165.667,245.567,-81.767,8.9
39,95,347,273,62,12,2.067,0.4,334,78,316,78,315,135,200,123,190,0.0,0,174.567,258.533,-86.033,9.1,174.567,258.533,-86.033,9.1
40,96,436,321,54,61,1.8,2.033,374,68,358,67,358,177,248,182,240,0.0,0,183.667,270.1,-88.233,10.7,183.667,270.1,-88.233,10.7
41,97,401,290,69,42,2.3,1.4,358,85,342,84,343,151,286,157,236,0.0,0,194.367,284.633,-92.567,9.667,194.367,284.633,-92.567,9.667
42,98,371,288,58,25,1.933,0.833,345,74,329,74,330,146,238,130,230,0.0,0,204.033,298.0,-95.9,9.6,204.033,298.0,-95.9,9.6
43,99,472,297,79,96,2.633,3.2,375,96,358,95,358,177,273,185,263,0.0,0,213.633,310.367,-99.367,9.9,213.633,310.367,-99.367,9.9
44,100,491,346,83,62,2.767,2.067,428,97,412,96,413,178,326,181,278,0.0,0,223.533,326.1,-105.333,11.533,223.533,326.1,-105.333,11.533
45,101,400,275,79,46,2.633,1.533,353,92,338,91,338,178,264,187,256,0.0,0,235.067,342.467,-110.033,9.167,235.067,342.467,-110.033,9.167
46,102,377,267,64,46,2.133,1.533,330,76,321,75,324,141,217,146,209,0.0,0,244.233,355.8,-113.7,8.9,244.233,355.8,-113.7,8.9
47,103,440,322,82,36,2.733,1.2,403,97,386,97,386,179,297,182,285,0.0,0,253.133,368.367,-117.967,10.733,253.133,368.367,-117.967,10.733
48,104,441,284,84,73,2.8,2.433,367,102,351,102,351,173,263,177,255,0.0,0,263.867,383.033,-121.967,9.467,263.867,383.033,-121.967,9.467
49,105,441,275,96,70,3.2,2.333,370,3,353,3,354,186,284,189,260,0.0,0,273.333,397.733,-127.6,9.167,273.333,397.733,-127.6,9.167
50,106,487,283,80,124,2.667,4.133,362,97,344,96,345,164,244,150,235,0.0,0,282.5,412.433,-132.6,9.433,282.5,412.433,-132.6,9.433
51,107,383,284,73,26,2.433,0.867,356,89,341,89,341,155,295,159,249,0.0,0,291.933,428.667,-139.167,9.467,291.933,428.667,-139.167,9.467
52,108,393,297,69,27,2.3,0.9,365,62,349,62,349,163,240,166,234,0.0,0,301.4,441.433,-142.333,9.9,301.4,441.433,-142.333,9.9
53,109,294,235,35,24,1.167,0.8,269,17,259,17,260,67,171,92,158,0.0,0,311.3,454.533,-144.4,7.833,311.3,454.533,-144.4,7.833
54,110,414,307,66,41,2.2,1.367,372,82,352,81,331,152,248,157,239,0.0,0,319.133,465.867,-148.933,10.233,319.133,465.867,-148.933,10.233
55,111,381,280,58,43,1.933,1.433,337,76,319,77,320,144,237,149,225,0.0,0,329.367,479.667,-152.233,9.333,329.367,479.667,-152.233,9.333
56,112,384,283,63,38,2.1,1.267,345,82,330,81,328,134,234,144,225,0.0,0,338.7,492.367,-155.767,9.433,338.7,492.367,-155.767,9.433
57,113,471,263,55,153,1.833,5.1,317,67,318,67,316,135,253,141,204,0.0,0,348.133,0.0,346.3,8.767,348.133,0.0,346.3,8.767
58,114,599,257,43,299,1.433,9.967,299,60,282,59,284,126,208,133,198,0.0,0,356.9,15.7,339.767,8.567,356.9,15.7,339.767,8.567
59,115,599,257,58,284,1.933,9.467,314,74,298,73,299,134,222,140,214,0.0,0,365.467,35.667,327.867,8.567,365.467,35.667,327.867,8.567
60,116,574,322,43,209,1.433,6.967,364,3,348,3,349,142,259,131,223,0.0,0,374.033,55.633,316.967,10.733,374.033,55.633,316.967,10.733
61,117,599,282,88,229,2.933,7.633,369,104,349,104,350,170,277,177,262,0.0,0,384.767,74.767,307.067,9.4,384.767,74.767,307.067,9.4
62,118,599,253,58,288,1.933,9.6,310,75,317,74,317,133,209,140,201,0.0,0,394.167,94.733,297.5,8.433,394.167,94.733,297.5,8.433
63,119,565,255,122,188,4.067,6.267,376,140,360,140,362,203,278,209,270,0.0,0,402.6,114.7,283.833,8.5,402.6,114.7,283.833,8.5
64,120,509,278,108,123,3.6,4.1,385,126,368,125,369,187,279,191,266,0.0,0,411.1,133.533,273.967,9.267,411.1,133.533,273.967,9.267
65,121,381,270,69,42,2.3,1.4,338,86,321,86,322,153,235,159,227,0.0,0,420.367,150.5,267.567,9.0,420.367,150.5,267.567,9.0
66,122,414,297,63,54,2.1,1.8,359,43,342,42,342,149,225,150,216,0.0,0,429.367,163.2,264.067,9.9,429.367,163.2,264.067,9.9
67,123,454,276,64,114,2.133,3.8,339,81,323,80,323,149,241,158,231,0.0,0,439.267,177.0,260.133,9.2,439.267,177.0,260.133,9.2
68,124,599,233,131,235,4.367,7.833,363,147,346,146,348,201,271,204,255,0.0,0,448.467,192.267,251.833,7.767,448.467,192.267,251.833,7.767
69,125,599,253,78,268,2.6,8.933,330,96,315,101,316,168,243,174,231,0.0,0,456.233,212.233,241.4,8.433,456.233,212.233,241.4,8.433
70,126,511,289,77,145,2.567,4.833,365,94,349,93,350,156,233,163,225,0.0,0,464.667,232.2,229.9,9.633,464.667,232.2,229.9,9.633
71,11,707,499,131,77,4.367,2.567,629,11,638,11,637,171,640,247,515,0.0,0,254.6,250.233,0.0,16.633,254.6,250.233,0.0,16.633
72,13,562,356,94,112,3.133,3.733,449,1,473,1,474,120,481,183,559,0.0,0,301.333,298.2,-0.0,11.867,301.333,298.2,-0.0,11.867
73,14,586,429,81,76,2.7,2.533,509,27,509,26,510,109,525,167,569,0.0,0,319.633,316.933,-0.0,14.3,319.633,316.933,-0.0,14.3
74,15,658,480,96,82,3.2,2.733,575,2,551,2,543,107,534,0,654,0.0,0,339.667,336.467,-0.0,16.0,339.667,336.467,-0.0,16.0
75,16,645,540,60,45,2.0,1.5,599,103,589,108,586,118,592,41,483,0.0,0,360.4,358.4,0.0,18.0,360.4,358.4,0.0,18.0
76,17,571,377,144,50,4.8,1.667,520,155,542,154,543,177,421,279,415,0.0,0,384.7,379.9,0.0,12.567,384.7,379.9,0.0,12.567
77,18,647,518,88,41,2.933,1.367,605,101,590,126,591,246,605,225,419,0.0,0,401.867,398.933,0.0,17.267,401.867,398.933,0.0,17.267
78,19,650,468,90,92,3.0,3.067,557,103,577,103,577,47,592,276,622,0.0,0,423.5,420.5,0.0,15.6,423.5,420.5,0.0,15.6
79,21,571,393,137,41,4.567,1.367,529,135,547,134,548,119,546,304,434,-0.0,0,470.567,466.0,-0.0,13.1,470.567,466.0,-0.0,13.1
80,22,520,387,86,47,2.867,1.567,472,3,451,3,452,93,439,268,385,-0.0,0,487.9,485.033,0.0,12.9,487.9,485.033,0.0,12.9
81,24,701,497,117,87,3.9,2.9,613,132,628,132,628,185,637,242,488,0.0,0,523.933,520.033,-0.0,16.567,523.933,520.033,-0.0,16.567
82,25,633,501,99,33,3.3,1.1,599,110,595,109,596,115,600,242,480,-0.0,0,546.7,543.4,-0.0,16.7,546.7,543.4,-0.0,16.7
83,26,601,387,143,71,4.767,2.367,529,101,529,100,531,110,544,276,416,0.0,0,569.267,564.5,-0.0,12.9,569.267,564.5,-0.0,12.9
84,68,457,331,94,32,3.133,1.067,424,3,420,3,421,138,331,208,320,0.0,0,3.133,0.0,0.0,11.033,3.133,0.0,0.0,11.033
85,69,518,369,105,44,3.5,1.467,473,117,467,117,469,181,404,224,483,0.0,0,18.733,15.233,0.0,12.3,18.733,15.233,0.0,12.3
86,70,545,374,105,66,3.5,2.2,478,118,474,117,474,115,369,4,504,0.0,0,36.0,32.5,0.0,12.467,36.0,32.5,0.0,12.467
87,71,578,441,105,32,3.5,1.067,545,122,542,123,545,171,437,263,520,0.0,0,54.167,50.667,0.0,14.7,54.167,50.667,0.0,14.7
88,72,456,310,107,39,3.567,1.3,416,118,415,118,416,188,309,104,356,-0.0,0,73.5,69.933,-0.0,10.333,73.5,69.933,-0.0,10.333
89,73,499,360,90,49,3.0,1.633,449,104,443,103,444,106,320,20,458,0.0,0,88.133,85.133,0.0,12.0,88.133,85.133,0.0,12.0
90,74,477,326,120,31,4.0,1.033,445,129,441,129,443,209,341,14,428,0.0,0,105.767,101.767,0.0,10.867,105.767,101.767,0.0,10.867
91,75,433,291,105,37,3.5,1.233,395,116,390,116,391,198,308,208,305,0.0,0,121.167,117.667,0.0,9.7,121.167,117.667,0.0,9.7
92,76,496,338,116,42,3.867,1.4,453,121,443,121,445,125,386,32,478,-0.0,0,135.967,132.1,0.0,11.267,135.967,132.1,0.0,11.267
93,27,501,341,109,51,3.633,1.7,449,3,459,3,460,3,444,238,372,0.0,0,3.633,0.0,0.0,11.367,588.167,584.533,-0.0,11.367
94,28,594,373,137,84,4.567,2.8,509,140,504,146,492,180,484,242,399,-0.0,0,21.267,16.7,0.0,12.433,605.8,601.233,0.0,12.433
95,29,482,294,156,32,5.2,1.067,449,169,463,174,464,260,382,351,382,-0.0,0,41.7,36.5,0.0,9.8,626.233,621.033,0.0,9.8
96,30,608,370,155,83,5.167,2.767,524,117,571,116,572,172,561,263,415,-0.0,0,57.733,52.567,-0.0,12.333,642.267,637.1,-0.0,12.333
97,31,807,540,210,57,7.0,1.9,749,224,749,223,750,251,708,331,648,0.0,0,79.833,72.833,0.0,18.0,664.367,657.367,0.0,18.0
98,32,615,465,115,35,3.833,1.167,579,138,577,137,578,195,479,329,480,-0.0,0,103.567,99.733,-0.0,15.5,3.833,0.0,0.0,15.5
99,33,647,518,87,42,2.9,1.4,604,3,602,2,603,158,494,219,489,0.0,0,123.133,120.233,0.0,17.267,23.4,20.5,-0.0,17.267
100,34,681,551,90,40,3.0,1.333,640,108,635,108,636,162,497,257,455,0.0,0,144.8,141.8,0.0,18.367,45.067,42.067,0.0,18.367
101,35,505,390,85,30,2.833,1.0,474,90,470,90,471,106,429,224,315,-0.0,0,167.333,164.5,0.0,13.0,67.6,64.767,-0.0,13.0
102,36,617,428,152,37,5.067,1.233,579,164,574,164,585,190,438,279,438,-0.0,0,186.4,181.333,-0.0,14.267,86.667,81.6,-0.0,14.267
103,37,617,470,122,25,4.067,0.833,591,133,592,132,596,137,452,322,446,-0.0,0,205.967,201.9,-0.0,15.667,106.233,102.167,-0.0,15.667
104,38,506,386,85,35,2.833,1.167,470,87,475,86,477,206,339,158,333,-0.0,0,225.3,222.467,0.0,12.867,125.567,122.733,-0.0,12.867
105,39,416,330,55,31,1.833,1.033,384,60,385,60,387,101,286,197,278,0.0,0,241.167,239.333,0.0,11.0,141.433,139.6,0.0,11.0
106,40,647,525,90,32,3.0,1.067,614,99,614,99,616,176,485,276,483,0.0,0,256.2,253.2,0.0,17.5,156.467,153.467,0.0,17.5
107,41,505,401,66,38,2.2,1.267,466,72,468,72,469,129,355,214,335,0.0,0,276.967,274.767,-0.0,13.367,177.233,175.033,-0.0,13.367
108,42,468,347,91,30,3.033,1.0,437,99,438,99,439,175,400,212,301,-0.0,0,294.633,291.6,0.0,11.567,194.9,191.867,-0.0,11.567
109,43,604,463,89,52,2.967,1.733,551,98,546,98,547,191,441,270,382,0.0,0,310.167,307.2,-0.0,15.433,210.433,207.467,0.0,15.433
110,44,601,510,60,31,2.0,1.033,569,77,567,77,568,72,433,269,425,0.0,0,329.333,327.333,0.0,17.0,229.6,227.6,0.0,17.0
111,45,449,364,54,31,1.8,1.033,417,68,415,68,416,117,301,180,296,-0.0,0,349.167,347.367,0.0,12.133,249.433,247.633,0.0,12.133
112,46,509,408,63,38,2.1,1.267,470,3,470,3,472,117,341,237,337,-0.0,0,364.433,362.333,0.0,13.6,264.7,262.6,0.0,13.6
113,127,500,279,154,67,5.133,2.233,432,3,414,2,415,3,328,229,318,0.0,0,474.3,249.233,219.933,9.3,474.3,249.233,219.933,9.3
114,128,441,319,48,74,1.6,2.467,366,61,349,62,349,156,273,163,234,0.0,0,483.6,265.9,216.1,10.633,483.6,265.9,216.1,10.633
115,129,397,344,29,24,0.967,0.8,372,45,356,44,356,151,241,163,243,0.0,0,494.233,280.6,212.667,11.467,494.233,280.6,212.667,11.467
116,130,451,339,67,45,2.233,1.5,405,86,389,87,390,138,270,156,434,0.0,0,505.7,293.833,209.633,11.3,505.7,293.833,209.633,11.3
117,131,488,300,98,90,3.267,3.0,397,116,380,115,381,146,290,34,486,0.0,0,517.0,308.867,204.867,10.0,517.0,308.867,204.867,10.0
118,132,454,341,77,36,2.567,1.2,417,96,398,99,399,134,289,50,297,0.0,0,527.0,325.133,199.3,11.367,527.0,325.133,199.3,11.367
119,133,382,276,66,40,2.2,1.333,341,84,330,86,331,148,268,141,232,0.0,0,538.367,340.267,195.9,9.2,538.367,340.267,195.9,9.2
120,134,420,314,35,71,1.167,2.367,348,52,332,54,333,131,244,140,236,0.0,0,547.567,353.0,193.4,10.467,547.567,353.0,193.4,10.467
121,135,397,284,54,59,1.8,1.967,337,73,335,78,336,155,252,165,244,0.0,0,558.033,367.0,189.233,9.467,558.033,367.0,189.233,9.467
122,136,511,281,51,179,1.7,5.967,331,67,325,67,317,135,226,144,222,0.0,0,567.5,380.233,185.567,9.367,567.5,380.233,185.567,9.367
123,137,375,294,35,46,1.167,1.533,328,52,310,51,311,118,216,119,227,0.0,0,576.867,397.267,178.433,9.8,576.867,397.267,178.433,9.8
124,138,381,322,37,22,1.233,0.733,358,53,341,53,342,97,252,127,247,0.0,0,586.667,409.767,175.667,10.733,586.667,409.767,175.667,10.733
125,139,476,340,58,78,1.933,2.6,397,75,378,75,367,120,270,160,262,0.0,0,597.4,422.467,173.0,11.333,597.4,422.467,173.0,11.333
126,140,523,355,85,83,2.833,2.767,439,103,421,102,422,136,317,173,309,0.0,0,608.733,438.333,167.567,11.833,608.733,438.333,167.567,11.833
127,141,569,297,95,177,3.167,5.9,391,115,374,119,375,172,298,181,256,0.0,0,620.567,0.0,617.4,9.9,620.567,0.0,617.4,9.9
128,142,599,300,49,250,1.633,8.333,348,66,327,65,317,95,232,148,230,0.0,0,630.467,18.967,609.867,10.0,630.467,18.967,609.867,10.0
129,143,473,351,40,82,1.333,2.733,390,54,370,53,354,103,271,172,266,0.0,0,640.467,38.933,600.2,11.7,640.467,38.933,600.2,11.7
130,144,488,343,47,98,1.567,3.267,389,58,372,58,374,164,278,172,310,0.0,0,652.167,54.7,595.9,11.433,652.167,54.7,595.9,11.433
131,145,450,365,55,30,1.833,1.0,419,71,399,71,400,126,337,183,294,0.0,0,0.0,70.967,-72.8,12.167,0.0,70.967,-72.8,12.167
132,146,420,353,6,61,0.2,2.033,358,22,343,21,345,99,242,142,229,0.0,0,12.167,85.967,-74.0,11.767,12.167,85.967,-74.0,11.767
133,147,396,282,54,60,1.8,2.0,335,70,315,70,307,91,237,145,226,0.0,0,23.933,99.967,-77.833,9.4,23.933,99.967,-77.833,9.4
134,148,503,347,57,99,1.9,3.3,403,74,386,73,386,123,299,180,278,0.0,0,33.333,113.167,-81.733,11.567,33.333,113.167,-81.733,11.567
135,149,407,326,59,22,1.967,0.733,384,75,366,75,367,96,266,131,241,0.0,0,44.9,129.933,-87.0,10.867,44.9,129.933,-87.0,10.867
136,150,399,288,50,61,1.667,2.033,337,66,322,66,309,91,228,142,218,0.0,0,55.767,143.5,-89.4,9.6,55.767,143.5,-89.4,9.6
137,151,420,276,121,23,4.033,0.767,396,138,379,138,380,189,289,185,286,0.0,0,65.367,156.8,-95.467,9.2,65.367,156.8,-95.467,9.2
138,152,512,344,88,80,2.933,2.667,431,103,414,103,415,126,321,175,319,0.0,0,74.567,170.8,-99.167,11.467,74.567,170.8,-99.167,11.467
139,153,498,312,49,137,1.633,4.567,360,63,339,63,334,100,243,122,496,0.0,0,86.033,187.867,-103.467,10.4,86.033,187.867,-103.467,10.4
140,154,386,305,56,25,1.867,0.833,360,72,343,71,337,92,222,139,212,0.0,0,96.433,204.467,-109.9,10.167,96.433,204.467,-109.9,10.167
141,155,355,297,32,26,1.067,0.867,328,45,305,45,300,113,213,121,203,0.0,0,106.6,217.333,-111.8,9.9,106.6,217.333,-111.8,9.9
142,156,438,325,64,49,2.133,1.633,388,78,371,77,351,154,280,165,265,0.0,0,116.5,229.167,-114.8,10.833,116.5,229.167,-114.8,10.833
143,157,390,275,81,34,2.7,1.133,355,96,338,96,339,132,270,172,263,0.0,0,127.333,243.767,-119.133,9.167,127.333,243.767,-119.133,9.167
144,158,423,307,73,43,2.433,1.433,379,87,357,86,352,111,259,156,251,0.0,0,136.5,256.767,-122.7,10.233,136.5,256.767,-122.7,10.233
145,159,599,332,57,210,1.9,7.0,388,73,371,73,372,140,276,149,270,0.0,0,146.733,270.867,-126.033,11.067,146.733,270.867,-126.033,11.067
146,160,445,365,36,44,1.2,1.467,400,53,384,53,387,132,268,121,263,0.0,0,157.8,290.833,-134.233,12.167,157.8,290.833,-134.233,12.167
147,161,342,287,47,8,1.567,0.267,333,64,320,64,321,78,213,114,208,0.0,0,169.967,305.667,-137.267,9.567,169.967,305.667,-137.267,9.567
148,162,395,328,25,42,0.833,1.4,352,40,335,39,335,68,241,114,235,0.0,0,179.533,317.067,-138.367,10.933,179.533,317.067,-138.367,10.933
149,163,451,381,20,50,0.667,1.667,400,38,383,39,384,64,274,113,268,0.0,0,190.467,330.233,-140.433,12.7,190.467,330.233,-140.433,12.7
150,164,398,320,30,48,1.0,1.6,349,49,338,49,337,60,229,130,218,0.0,0,203.167,345.267,-143.1,10.667,203.167,345.267,-143.1,10.667
151,165,529,320,57,152,1.9,5.067,376,73,356,72,358,84,267,160,260,0.0,0,213.833,358.533,-146.6,10.667,213.833,358.533,-146.6,10.667
152,166,599,277,55,267,1.833,8.9,331,71,331,71,314,140,229,149,220,0.0,0,224.5,376.167,-153.5,9.233,224.5,376.167,-153.5,9.233
153,167,599,287,56,256,1.867,8.533,342,52,323,52,323,147,235,154,598,0.0,0,233.733,396.133,-164.267,9.567,233.733,396.133,-164.267,9.567
154,168,599,305,27,267,0.9,8.9,331,43,312,43,306,81,221,7,595,0.0,0,243.3,416.1,-173.7,10.167,243.3,416.1,-173.7,10.167
155,169,599,286,20,293,0.667,9.767,305,36,286,36,281,78,211,1,593,0.0,0,253.467,436.067,-183.267,9.533,253.467,436.067,-183.267,9.533
156,170,599,296,46,257,1.533,8.567,341,63,324,62,324,145,249,132,587,0.0,0,263.0,456.033,-194.567,9.867,263.0,456.033,-194.567,9.867
157,171,599,339,39,221,1.3,7.367,377,56,358,55,346,123,273,13,598,0.0,0,272.867,476.0,-204.433,11.3,272.867,476.0,-204.433,11.3
158,172,599,341,22,236,0.733,7.867,362,37,346,37,347,76,285,2,594,0.0,0,284.167,495.967,-212.533,11.367,284.167,495.967,-212.533,11.367
159,173,428,288,42,98,1.4,3.267,329,58,311,58,312,117,213,23,413,0.0,0,295.533,515.933,-221.8,9.6,295.533,515.933,-221.8,9.6
160,174,599,377,0,222,0.0,7.4,376,3,360,2,346,44,224,21,532,0.0,0,305.133,530.2,-225.067,12.567,305.133,530.2,-225.067,12.567
161,175,599,310,65,224,2.167,7.467,374,64,356,64,357,85,259,50,245,0.0,0,317.7,0.0,315.533,10.333,317.7,550.167,-234.633,10.333
162,176,556,307,87,162,2.9,5.4,393,107,371,106,362,139,281,22,538,0.0,0,328.033,19.967,305.167,10.233,328.033,570.133,-245.0,10.233
