cur,raw,raw_frames,cur_frames,start_cut,end_cut,start_s,end_s,kept_end_frame_raw,arm_onset,arm_end,speed_onset,speed_end,jaw_onset,jaw_end,load_onset,load_end,cur_t0,cur_frame0,vid_wrist_cur_from,vid_wrist_raw_from,vid_wrist_shift_vs_cut,vid_wrist_cur_len,vid_top_cur_from,vid_top_raw_from,vid_top_shift_vs_cut,vid_top_cur_len,sc_raw_rows,sc_cur_rows,sc_raw_span_s,sc_cur_span_s,sc_start_cut_s,sc_end_cut_s,align_shift_s,sc_cur_lead_s,sc_cur_tail_s
0,0,631,471,160,0,5.333,0.0,630,157,585,157,579,158,595,318,475,0.0,0,5.333,0.0,0.0,15.7,5.333,0.0,0.0,15.7,5645,5160,62.11,56.77,5.34,0.0,5.333,-0.0,41.11
1,1,736,504,156,76,5.2,2.533,659,188,687,187,688,270,692,343,668,-0.0,0,35.2,30.0,0.0,16.8,35.2,30.0,0.0,16.8,5771,1527,63.52,16.79,5.2,41.53,5.2,-0.0,0.02
2,4,614,441,173,0,5.767,0.0,613,141,555,237,556,286,534,367,447,0.0,0,106.1,100.333,-0.0,14.7,106.1,100.333,-0.0,14.7,5218,4694,57.45,51.69,5.77,0.0,5.767,-0.0,37.02
3,6,621,471,150,0,5.0,0.0,620,167,582,168,575,219,524,291,440,0.0,0,144.433,139.433,0.0,15.7,144.433,139.433,0.0,15.7,5134,4679,56.55,51.54,5.01,0.0,5.0,-0.01,35.88
4,7,580,418,162,0,5.4,0.0,579,184,543,184,543,209,482,307,419,0.0,0,165.533,160.133,0.0,13.933,165.533,160.133,0.0,13.933,4568,4077,50.31,44.91,5.4,0.0,5.4,-0.01,31.01
5,8,684,405,195,84,6.5,2.8,599,222,634,222,635,308,622,348,641,0.0,0,185.967,179.467,0.0,13.5,185.967,179.467,0.0,13.5,5337,1227,58.77,13.49,6.49,38.79,6.5,-0.0,0.03
6,47,421,338,60,23,2.0,0.767,397,2,392,2,393,3,378,200,274,0.0,0,2.0,0.0,0.0,11.267,281.567,279.567,0.0,11.267,3528,1024,38.81,11.26,2.0,25.55,2.0,-0.01,0.03
7,48,458,339,94,25,3.133,0.833,432,103,427,102,428,158,338,228,326,0.0,0,17.167,14.033,0.0,11.3,296.733,293.6,-0.0,11.3,4115,1028,45.28,11.3,3.13,30.85,3.133,-0.0,0.03
8,49,423,321,69,33,2.3,1.1,389,47,384,47,387,177,301,184,286,-0.0,0,31.6,29.3,0.0,10.7,311.167,308.867,0.0,10.7,4010,972,44.13,10.68,2.3,31.15,2.3,-0.01,0.02
9,50,406,323,51,32,1.7,1.067,373,56,370,56,371,62,358,136,258,0.0,0,45.1,43.4,0.0,10.767,324.667,322.967,-0.0,10.767,4116,978,45.3,10.75,1.71,32.85,1.7,-0.0,0.02
10,51,516,408,78,30,2.6,1.0,485,90,484,90,483,116,366,222,328,-0.0,0,67.367,64.767,-0.0,13.6,346.933,344.333,0.0,13.6,4566,1236,50.26,13.59,2.6,34.07,2.6,-0.01,0.03
11,52,392,307,53,32,1.767,1.067,359,60,362,60,363,117,275,170,261,-0.0,0,83.733,81.967,-0.0,10.233,363.3,361.533,-0.0,10.233,3567,930,39.27,10.22,1.77,27.28,1.767,-0.01,0.03
12,53,586,453,88,45,2.933,1.5,540,96,534,95,530,100,393,261,366,0.0,0,97.967,95.033,0.0,15.1,377.533,374.6,0.0,15.1,4945,1373,54.61,15.1,2.93,36.59,2.933,-0.0,0.03
13,54,425,339,58,28,1.933,0.933,396,64,394,64,395,184,283,178,276,-0.0,0,116.5,114.567,0.0,11.3,396.067,394.133,0.0,11.3,4087,1027,45.01,11.29,1.93,31.79,1.933,-0.0,0.02
14,55,430,325,62,43,2.067,1.433,386,58,384,56,384,134,297,191,278,-0.0,0,130.8,128.733,-0.0,10.833,410.367,408.3,-0.0,10.833,4054,985,44.64,10.82,2.06,31.76,2.067,-0.0,0.03
15,56,454,358,52,44,1.733,1.467,409,67,386,67,384,63,403,175,287,0.0,0,144.8,143.067,-0.0,11.933,424.367,422.633,0.0,11.933,4250,1085,46.81,11.93,1.74,33.14,1.733,-0.0,0.03
16,57,522,417,66,39,2.2,1.3,482,3,473,2,474,80,474,147,318,0.0,0,160.4,158.2,-0.0,13.9,439.967,437.767,-0.0,13.9,4577,1264,50.4,13.9,2.2,34.3,2.2,-0.0,0.03
17,58,508,403,59,46,1.967,1.533,461,70,461,70,462,73,336,189,317,0.0,0,177.567,175.6,0.0,13.433,457.133,455.167,-0.0,13.433,4454,1221,49.07,13.43,1.97,33.67,1.967,-0.0,0.03
18,59,393,310,48,35,1.6,1.167,357,57,353,57,354,142,264,154,253,0.0,0,194.133,192.533,-0.0,10.333,473.7,472.1,0.0,10.333,3986,939,43.91,10.32,1.6,32.0,1.6,-0.0,0.02
19,60,414,306,73,35,2.433,1.167,378,87,372,87,373,122,273,173,258,0.0,0,208.067,205.633,0.0,10.2,487.633,485.2,0.0,10.2,3926,927,43.27,10.19,2.43,30.64,2.433,-0.0,0.02
20,61,418,298,89,31,2.967,1.033,386,96,383,95,385,192,282,204,274,0.0,0,222.4,219.433,0.0,9.933,501.967,499.0,-0.0,9.933,3202,903,35.28,9.92,2.96,22.4,2.967,-0.0,0.02
21,11,707,499,131,77,4.367,2.567,629,11,638,11,637,171,640,247,515,0.0,0,254.6,250.233,0.0,16.633,254.6,250.233,0.0,16.633,5700,1512,62.72,16.62,4.37,41.73,4.367,-0.01,0.03
22,13,562,356,94,112,3.133,3.733,449,1,473,1,474,120,481,183,559,0.0,0,301.333,298.2,-0.0,11.867,301.333,298.2,-0.0,11.867,4848,1078,53.37,11.85,3.14,38.39,3.133,-0.01,0.02
23,14,586,429,81,76,2.7,2.533,509,27,509,26,510,109,525,167,569,0.0,0,319.633,316.933,-0.0,14.3,319.633,316.933,-0.0,14.3,5039,1300,55.47,14.29,2.69,38.49,2.7,-0.0,0.03
24,15,658,480,96,82,3.2,2.733,575,2,551,2,543,107,534,0,654,0.0,0,339.667,336.467,-0.0,16.0,339.667,336.467,-0.0,16.0,5361,1454,59.01,15.99,3.2,39.83,3.2,-0.0,0.02
25,16,645,540,60,45,2.0,1.5,599,103,589,108,586,118,592,41,483,0.0,0,360.4,358.4,0.0,18.0,360.4,358.4,0.0,18.0,5460,1637,60.13,18.0,1.99,40.14,2.0,-0.0,0.03
26,17,571,377,144,50,4.8,1.667,520,155,542,154,543,177,421,279,415,0.0,0,384.7,379.9,0.0,12.567,384.7,379.9,0.0,12.567,4748,1142,52.23,12.55,4.8,34.88,4.8,-0.01,0.03
27,18,647,518,88,41,2.933,1.367,605,101,590,126,591,246,605,225,419,0.0,0,401.867,398.933,0.0,17.267,401.867,398.933,0.0,17.267,5314,1569,58.48,17.25,2.94,38.29,2.933,-0.01,0.03
28,19,650,468,90,92,3.0,3.067,557,103,577,103,577,47,592,276,622,0.0,0,423.5,420.5,0.0,15.6,423.5,420.5,0.0,15.6,5356,1418,58.94,15.59,3.0,40.35,3.0,-0.0,0.02
29,21,571,393,137,41,4.567,1.367,529,135,547,134,548,119,546,304,434,-0.0,0,470.567,466.0,-0.0,13.1,470.567,466.0,-0.0,13.1,4023,1191,44.28,13.09,4.57,26.63,4.567,-0.01,0.03
30,22,520,387,86,47,2.867,1.567,472,3,451,3,452,93,439,268,385,-0.0,0,487.9,485.033,0.0,12.9,487.9,485.033,0.0,12.9,4591,1173,50.5,12.89,2.86,34.75,2.867,-0.0,0.03
31,24,701,497,117,87,3.9,2.9,613,132,628,132,628,185,637,242,488,0.0,0,523.933,520.033,-0.0,16.567,523.933,520.033,-0.0,16.567,5617,1506,61.81,16.56,3.91,41.35,3.9,-0.01,0.03
32,25,633,501,99,33,3.3,1.1,599,110,595,109,596,115,600,242,480,-0.0,0,546.7,543.4,-0.0,16.7,546.7,543.4,-0.0,16.7,5170,1518,56.9,16.69,3.29,36.92,3.3,-0.0,0.03
33,26,601,387,143,71,4.767,2.367,529,101,529,100,531,110,544,276,416,0.0,0,569.267,564.5,-0.0,12.9,569.267,564.5,-0.0,12.9,4189,1173,46.12,12.9,4.76,28.46,4.767,-0.0,0.03
34,68,457,331,94,32,3.133,1.067,424,3,420,3,421,138,331,208,320,0.0,0,3.133,0.0,0.0,11.033,3.133,0.0,0.0,11.033,4369,1003,48.08,11.03,3.14,33.92,3.133,-0.0,0.03
35,69,518,369,105,44,3.5,1.467,473,117,467,117,469,181,404,224,483,0.0,0,18.733,15.233,0.0,12.3,18.733,15.233,0.0,12.3,4880,1118,53.73,12.29,3.49,37.95,3.5,-0.0,0.02
36,70,545,374,105,66,3.5,2.2,478,118,474,117,474,115,369,4,504,0.0,0,36.0,32.5,0.0,12.467,36.0,32.5,0.0,12.467,5142,1132,56.63,12.45,3.5,40.68,3.5,-0.01,0.02
37,71,578,441,105,32,3.5,1.067,545,122,542,123,545,171,437,263,520,0.0,0,54.167,50.667,0.0,14.7,54.167,50.667,0.0,14.7,5362,1335,59.05,14.68,3.5,40.87,3.5,-0.01,0.02
38,72,456,310,107,39,3.567,1.3,416,118,415,118,416,188,309,104,356,-0.0,0,73.5,69.933,-0.0,10.333,73.5,69.933,-0.0,10.333,4644,940,51.15,10.33,3.57,37.25,3.567,-0.0,0.03
39,73,499,360,90,49,3.0,1.633,449,104,443,103,444,106,320,20,458,0.0,0,88.133,85.133,0.0,12.0,88.133,85.133,0.0,12.0,4808,1090,52.95,11.98,3.0,37.97,3.0,-0.01,0.02
40,74,477,326,120,31,4.0,1.033,445,129,441,129,443,209,341,14,428,0.0,0,105.767,101.767,0.0,10.867,105.767,101.767,0.0,10.867,4804,988,52.91,10.86,4.0,38.06,4.0,-0.0,0.03
41,75,433,291,105,37,3.5,1.233,395,116,390,116,391,198,308,208,305,0.0,0,121.167,117.667,0.0,9.7,121.167,117.667,0.0,9.7,4155,881,45.76,9.69,3.5,32.58,3.5,-0.0,0.02
42,76,496,338,116,42,3.867,1.4,453,121,443,121,445,125,386,32,478,-0.0,0,135.967,132.1,0.0,11.267,135.967,132.1,0.0,11.267,4028,1024,44.37,11.26,3.87,29.24,3.867,-0.01,0.03
43,27,501,341,109,51,3.633,1.7,449,3,459,3,460,3,444,238,372,0.0,0,3.633,0.0,0.0,11.367,588.167,584.533,-0.0,11.367,4152,1033,45.68,11.36,3.63,30.69,3.633,-0.0,0.03
44,28,594,373,137,84,4.567,2.8,509,140,504,146,492,180,484,242,399,-0.0,0,21.267,16.7,0.0,12.433,605.8,601.233,0.0,12.433,5038,1130,55.46,12.42,4.57,38.46,4.567,-0.0,0.03
45,29,482,294,156,32,5.2,1.067,449,169,463,174,464,260,382,351,382,-0.0,0,41.7,36.5,0.0,9.8,626.233,621.033,0.0,9.8,4379,890,48.2,9.78,5.2,33.21,5.2,-0.0,0.02
46,30,608,370,155,83,5.167,2.767,524,117,571,116,572,172,561,263,415,-0.0,0,57.733,52.567,-0.0,12.333,642.267,637.1,-0.0,12.333,5099,1121,56.13,12.32,5.16,38.65,5.167,-0.0,0.03
47,31,807,540,210,57,7.0,1.9,749,224,749,223,750,251,708,331,648,0.0,0,79.833,72.833,0.0,18.0,664.367,657.367,0.0,18.0,5215,1636,57.4,17.99,7.0,32.41,7.0,-0.0,0.02
48,32,615,465,115,35,3.833,1.167,579,138,577,137,578,195,479,329,480,-0.0,0,103.567,99.733,-0.0,15.5,3.833,0.0,0.0,15.5,4809,1409,52.92,15.49,3.83,33.6,3.833,-0.0,0.03
49,33,647,518,87,42,2.9,1.4,604,3,602,2,603,158,494,219,489,0.0,0,123.133,120.233,0.0,17.267,23.4,20.5,-0.0,17.267,5082,1569,55.92,17.25,2.9,35.76,2.9,-0.0,0.02
50,34,681,551,90,40,3.0,1.333,640,108,635,108,636,162,497,257,455,0.0,0,144.8,141.8,0.0,18.367,45.067,42.067,0.0,18.367,5404,1669,59.48,18.36,2.99,38.13,3.0,-0.0,0.03
51,35,505,390,85,30,2.833,1.0,474,90,470,90,471,106,429,224,315,-0.0,0,167.333,164.5,0.0,13.0,67.6,64.767,-0.0,13.0,4496,1182,49.51,12.99,2.83,33.69,2.833,-0.0,0.03
52,36,617,428,152,37,5.067,1.233,579,164,574,164,585,190,438,279,438,-0.0,0,186.4,181.333,-0.0,14.267,86.667,81.6,-0.0,14.267,5136,1296,56.53,14.25,5.06,37.22,5.067,-0.0,0.02
53,37,617,470,122,25,4.067,0.833,591,133,592,132,596,137,452,322,446,-0.0,0,205.967,201.9,-0.0,15.667,106.233,102.167,-0.0,15.667,4865,1424,53.56,15.66,4.06,33.84,4.067,-0.0,0.03
54,38,506,386,85,35,2.833,1.167,470,87,475,86,477,206,339,158,333,-0.0,0,225.3,222.467,0.0,12.867,125.567,122.733,-0.0,12.867,4533,1169,49.92,12.85,2.84,34.22,2.833,-0.01,0.03
55,39,416,330,55,31,1.833,1.033,384,60,385,60,387,101,286,197,278,0.0,0,241.167,239.333,0.0,11.0,141.433,139.6,0.0,11.0,4028,999,44.37,10.98,1.84,31.55,1.833,-0.01,0.02
56,40,647,525,90,32,3.0,1.067,614,99,614,99,616,176,485,276,483,0.0,0,256.2,253.2,0.0,17.5,156.467,153.467,0.0,17.5,5393,1591,59.39,17.5,2.99,38.9,3.0,-0.0,0.03
57,41,505,401,66,38,2.2,1.267,466,72,468,72,469,129,355,214,335,0.0,0,276.967,274.767,-0.0,13.367,177.233,175.033,-0.0,13.367,4585,1215,50.51,13.36,2.2,34.95,2.2,-0.0,0.03
58,42,468,347,91,30,3.033,1.0,437,99,438,99,439,175,400,212,301,-0.0,0,294.633,291.6,0.0,11.567,194.9,191.867,-0.0,11.567,4197,1052,46.22,11.56,3.03,31.63,3.033,-0.0,0.03
59,43,604,463,89,52,2.967,1.733,551,98,546,98,547,191,441,270,382,0.0,0,310.167,307.2,-0.0,15.433,210.433,207.467,0.0,15.433,5005,1403,55.2,15.43,2.97,36.8,2.967,-0.0,0.03
60,44,601,510,60,31,2.0,1.033,569,77,567,77,568,72,433,269,425,0.0,0,329.333,327.333,0.0,17.0,229.6,227.6,0.0,17.0,5079,1545,55.97,16.99,2.0,36.97,2.0,-0.01,0.03
61,45,449,364,54,31,1.8,1.033,417,68,415,68,416,117,301,180,296,-0.0,0,349.167,347.367,0.0,12.133,249.433,247.633,0.0,12.133,4322,1103,47.63,12.13,1.8,33.71,1.8,-0.0,0.03
62,46,509,408,63,38,2.1,1.267,470,3,470,3,472,117,341,237,337,-0.0,0,364.433,362.333,0.0,13.6,264.7,262.6,0.0,13.6,3599,1236,39.67,13.59,2.1,23.98,2.1,-0.01,0.03
